country,iso3c,1990,1991,1992,1993,1994,1995,1996,1997,1998,1999,2000,2001,2002,2003,2004,2005,2006,2007,2008,2009,2010,2011,2012,2013,2014,2015,2016,2017,2018,2019,2020,2021
Afghanistan,AFG,3290.058195,3163.130816,1511.757133,-2182.997283,-344.111615,2082.720975,1865.385557,2046.749917,1855.584113,1709.618024,1920.42651,2043.757538,2290.713467,2864.761925,2701.402285,3182.171812,3691.510621,4416.697132,5721.280399,8251.992046,10413.68959,14600.24382,13254.36479,12440.82046,13175.58759,13858.25895,16698.42452,17049.51208,17607.11052,19540.49733,20674.56313,21351.04999
Albania,ALB,4373.137808,6027.278765,3811.067844,-764.3560368,1610.363767,4103.98872,3946.416845,4090.417252,4820.871042,5095.712089,3918.090893,4511.84932,4778.085379,5320.734761,5817.581672,5850.244724,5925.753971,6530.738683,6728.45689,6806.996278,7084.345655,7896.092518,7407.933462,7568.540147,8162.444368,7641.797321,6601.604686,6646.724264,8034.176358,8150.165383,8421.531727,8209.598543
Algeria,DZA,64534.87952,55666.68168,57598.29094,59265.99949,60118.64232,62702.39755,58829.24808,53626.85526,66757.22262,55641.86299,46103.87709,46213.01041,49464.37401,49270.8823,47860.25771,52080.68316,46640.45646,50902.59338,54503.27036,70450.92168,68077.79279,68165.68413,72685.45044,77539.11704,82257.18862,90391.8226,141829.2793,140334.0067,145639.9345,145729.8733,153940.4277,150940.0008
Andorra,AND,739.5976377,749.6219653,36.87153773,-3157.785271,-1462.03239,721.3458536,569.5731416,782.9007296,766.6721527,798.160866,800.1232733,831.1432768,850.361838,896.3671135,968.710994,1005.238796,1016.597505,1039.290417,1023.634256,930.7704505,938.3614556,919.1972798,886.6915434,865.2500747,824.2551897,831.2291115,249.606473,193.1624155,642.884638,637.3330822,646.4746848,643.897638
Angola,AGO,5255.924179,5906.62896,5783.084775,1805.613466,2298.932632,7049.570109,6661.663129,6364.719786,5732.406383,5928.528137,6897.544487,7737.471525,9266.329954,8057.671951,13605.06449,14106.18836,14904.1848,19246.20135,21585.30664,26844.47776,23928.52673,24076.00869,26117.28382,27272.59201,28224.78799,29330.6569,35507.94756,36152.71332,31828.62705,30903.68173,31535.50328,31873.36072
Antigua,ATG,725.50861,724.6055709,68.46743628,-3039.091875,-1461.309046,691.778221,536.5182254,629.4307226,651.4246056,679.626209,649.7202865,681.6363804,694.1007557,741.6466364,766.4586374,798.9578712,856.7317174,907.7419487,901.4741364,862.3314295,860.4334387,829.9894269,813.6417781,823.3989523,823.4726754,818.2786502,412.3848975,424.0764202,737.335343,734.9009026,783.1027606,757.7260303
Argentina,ARG,110535.4095,125042.3102,130902.4389,116231.0701,131871.6846,134759.3734,144357.9113,151568.1816,155700.0284,155979.6938,158895.7919,147118.6888,119592.7716,129987.1098,143952.1548,151670.8,162198.4256,176224.1148,182259.512,176024.4414,186821.9462,198149.8689,202400.7514,210396.616,207033.4628,212786.6739,210880.3075,207079.2045,197537.8766,196747.5218,201591.8883,197797.9996
Armenia,ARM,27761.74295,21339.04953,22923.99911,5391.00145,7364.124105,11036.2295,7549.21462,7732.86395,6404.350019,4725.191413,3537.520487,3594.789655,3247.416384,3594.597557,3884.170103,4491.729886,4829.046439,5856.095013,6697.183249,5660.296213,5673.52015,6346.967839,7098.607845,6949.14623,6919.610691,7431.736023,6932.511928,6826.523438,8650.975208,9018.152345,9521.418982,9747.339733
Aruba,ABW,1963.038558,1910.231388,1038.151307,-1634.180844,-177.5032194,1657.247238,1565.710691,1799.621636,1749.344581,1762.831611,2118.059278,2140.73208,2211.313393,2312.682052,2238.536991,2305.941558,2381.12257,2476.506072,2355.98937,2430.494504,2360.975778,2398.987618,1652.288095,1315.992393,1286.516168,1281.134366,576.5077933,528.9320122,1091.774962,1111.013522,1311.290823,1246.630309
Australia,AUS,281203.1675,280150.0429,269093.5446,235389.5503,265186.0683,298604.4802,303869.8126,297179.1465,327714.1747,335720.1105,338190.9636,335902.35,345340.3159,369425.7656,399825.8851,393809.5656,401556.5302,425724.2723,402387.8298,412812.0388,423599.9048,433779.1672,440411.3407,428540.4188,424468.7139,432035.7435,408467.8037,418934.8613,401677.3679,398111.7414,417377.8258,401818.1339
Austria,AUT,84356.63957,89022.56126,84431.59752,68447.07028,77391.37626,91603.04259,94142.11647,93200.89311,92579.97584,90775.62155,90766.03306,92876.58938,93583.34939,101534.824,104333.3542,105503.9885,106059.6803,105487.458,105154.6116,96894.30967,101422.2943,100700.9268,98383.04815,97889.65648,93660.72688,95019.91937,22334.33627,24436.7916,97331.79173,95304.4294,101224.6818,98161.33575
Azerbaijan,AZE,56341.77625,51051.18107,40733.84314,31882.39056,29088.34656,34367.11677,28734.63887,26443.84985,25905.82808,24934.94637,24449.55046,24213.24447,24628.8663,27356.6135,28565.80432,29324.18508,30758.64068,24463.00716,29172.75499,28244.583,27766.46592,29105.88742,30530.31473,34695.09906,35944.89753,38929.05954,43998.02394,41584.48639,44426.16007,45262.03042,46499.63383,47179.89145
Bahamas,BHS,3805.244616,3630.144482,2850.115551,-418.865932,1347.124986,3507.351495,3252.936318,3128.347173,3356.695068,3319.052646,3393.653088,3266.993029,3188.224495,3101.318507,3281.114525,3389.359453,3480.328983,3480.905708,3258.625141,3286.1448,3298.995844,3557.288045,3646.669573,4393.722347,4050.27881,4026.792401,3191.670483,3340.48602,3418.770912,3442.576391,3704.781722,3524.541949
Bahrain,BHR,12927.4396,12664.5114,11220.86472,10593.59354,12462.00624,14536.47358,15200.91466,16676.03708,17706.68333,17325.6539,17100.0775,13641.99276,15190.88802,15650.47557,15957.31997,17457.36918,16565.54307,21410.12003,22900.2916,23048.57451,23498.38984,23276.38166,22333.81394,26125.85753,25597.19041,20954.58287,16678.81616,16795.33545,19753.85274,19060.55444,19099.72979,18596.0462
Bangladesh,BGD,18387.13972,18060.23305,18162.29369,14149.72496,17874.16578,25124.5743,27216.54758,28335.15125,27793.00706,29702.50226,31920.68912,36351.41122,37356.46561,40313.50194,42572.07788,44581.28189,48379.58205,49987.8923,53630.67384,57326.60713,62201.95446,68336.73203,73535.31538,77288.09521,81417.80975,91033.69689,106034.9829,110121.6023,127138.4812,132018.0775,138806.1256,143929.2573
Barbados,BRB,1943.391499,2048.605783,1032.386858,-1918.773547,-557.5620785,1621.339893,1446.664988,1568.769346,1819.073889,1913.891069,1852.807761,1883.470525,1867.55115,1952.294778,2047.269087,2157.834961,2221.02844,2220.814389,2409.612018,2334.116235,2199.020791,2234.90791,2190.392223,2177.586689,2002.41536,2001.135457,1324.997735,1251.270716,1515.3615,1535.147684,1617.472431,1575.378502
Belarus,BLR,103.0830343,117.0093716,-89.70392462,-786.7139056,-398.5192463,79.35102752,53.62925758,85.87125138,83.08683342,77.34883269,79.11501187,78.85478699,78.01075289,73.4614347,75.28333615,73.78992731,89.01476694,92.6099495,96.96015208,101.1953778,103.4180014,70.11103707,279.3053744,369.8569786,137.3375392,132.5014906,-14335.70434,-20242.00742,28381.32966,27373.45191,28338.36363,27675.21609
Belgium,BEL,108299.9009,111638.3428,109733.1283,100259.6047,108871.274,117400.9476,117725.564,108754.1029,115268.4807,110600.5723,114424.8482,110448.4893,111101.1669,113663.1095,115182.7173,113185.3405,113481.3097,112857.8437,115427.8419,106238.0926,106566.2124,98941.42938,98267.46943,98220.7815,93879.84356,96478.41996,108362.0569,109914.4256,119434.7266,115254.0777,121979.8713,116686.5053
Belize,BLZ,593.8355878,643.4280159,83.7646677,-2750.427066,-1255.418584,581.4632035,381.1034937,602.5170067,533.475236,531.5888529,588.0950504,657.7616521,649.6219567,670.9973189,626.5660711,653.9743761,678.4002015,722.6098806,707.5886143,818.7972526,758.8160107,808.7182428,711.2874223,762.7713689,733.7253957,828.509483,529.4394242,484.4955931,686.868402,697.350346,748.0455652,718.5308356
Benin,BEN,1205.483555,1339.287463,660.777453,-3054.157218,-763.2672174,1749.161938,1488.349186,1634.455119,1577.207611,1929.285837,1843.077608,2127.751664,2409.058024,2800.215262,2997.516033,2903.036088,4248.379428,4883.550585,4872.66459,5097.170012,5522.000806,5705.624973,5873.222919,6345.596312,6802.112816,7070.01313,6406.607769,6499.14305,7870.036506,7905.265249,8075.963377,8296.056518
Bermuda,BMU,1240.429673,1060.24783,377.602549,-7403.31207,-3656.133451,596.2403486,373.6839914,545.1698835,458.0659374,466.0383602,480.6489824,511.7904506,579.7844501,628.726697,739.7232894,768.8766146,886.0726616,898.4885069,913.9940031,857.2434675,895.0923681,939.7924458,843.8421551,817.6427699,799.4598071,774.2871468,-2304.785284,-2507.34074,771.962025,751.070452,780.7412563,781.488384
Bhutan,BTN,364.4245286,389.0796207,-219.3915158,-3377.137049,-1718.779006,364.175291,251.1431524,526.2972517,479.5304558,488.2753065,451.8570213,498.8731473,549.8997969,534.6570868,507.1770447,580.0013583,566.2012877,580.6399071,636.6164175,818.0913922,1025.592992,1195.765812,1263.444011,1325.141216,1351.821167,1309.539277,774.4282258,688.7363281,1856.783899,1983.17612,2050.477334,2146.911309
Bolivia,BOL,5940.956703,6343.476734,5972.015542,1857.48841,5146.779033,8373.139564,8250.379743,8808.964257,8732.850573,7866.379514,7624.297226,6867.434505,8600.486291,8876.461819,8580.04301,9339.499466,10843.56496,9161.659348,9768.307535,10776.18186,11234.93794,11874.25809,13546.57994,14136.36948,14994.68014,14215.69197,17362.7528,17787.55162,20137.58639,19320.28548,20005.13411,20349.53523
Bosnia and Herzegovina,BIH,27841.34628,25605.65577,9331.319074,1092.031034,3578.071794,5342.810443,7017.943949,9253.893585,13008.96419,13107.90692,13944.53821,14736.77765,15675.28476,15847.95257,16635.81513,15242.87453,17322.89728,17359.16248,19160.76943,19246.07045,19180.57208,20814.30147,19057.41813,18716.386,20563.10287,19472.95572,18424.24711,18342.91802,19956.51339,20131.00708,21090.05636,20959.60059
Botswana,BWA,5857.044061,6214.581396,5607.719437,2675.992014,4376.525935,7184.966305,6311.851861,7127.356411,7726.631601,7434.722732,7857.930468,8087.271085,8224.69546,9040.727143,9645.867899,9209.97579,9032.438793,9838.428624,10459.28206,10472.46588,11355.33827,11415.90458,10976.66595,12838.91121,14454.82034,14358.46342,10396.7003,10273.75991,11546.66851,11640.53467,12330.65432,12281.20343
Brazil,BRA,234664.3854,243844.5254,235217.5212,240855.576,271277.3073,314300.7045,335574.0767,396626.0332,352312.81,353446.8318,380090.603,376456.5705,370357.8848,364565.1843,376302.2197,393998.4978,408782.8486,439068.7267,474446.7248,454882.7878,519958.5716,545228.8259,563738.4046,587846.8157,587058.8482,582717.9246,516381.089,528984.4748,535597.0764,537734.1455,570660.0763,576110.4272
British Virgin Islands,VGB,301.0893662,239.1673802,-240.2011005,-2808.534751,-1476.516078,280.8142251,147.7593015,315.1848902,292.183053,310.3200994,313.4982504,331.1823143,330.6727576,322.338839,323.9740649,341.5152692,360.1957569,363.0814933,357.3733923,351.7379583,369.9188081,436.6222073,421.2383522,406.4804858,389.417491,396.631006,73.41545624,61.54388967,227.3023421,222.3238343,226.2433543,224.32817
Brunei,BRN,3789.137444,3270.354792,2838.771937,-816.8446263,1010.215766,3246.846399,3222.00092,3611.330725,3611.93279,2736.275895,2797.910116,2742.685292,2686.392632,2730.362626,2844.509665,2738.304237,2609.739544,4166.864728,3887.695161,4116.123587,3987.625903,4413.599266,4398.607507,4017.588441,4372.652714,4546.823381,5661.452539,5754.738307,6191.571539,6444.477747,6713.657065,6906.432082
Bulgaria,BGR,62567.20716,36810.48646,36540.14472,39083.99845,36392.92661,39884.06591,34124.33242,32162.89204,33816.50492,32547.05514,30727.95641,35052.30178,33724.02799,38429.53444,38832.19484,40447.96361,40480.28515,44346.46621,43486.56641,38635.83408,37281.01669,38919.67043,36059.9147,31755.25284,32439.85397,34634.96116,42450.29625,43408.69239,48291.06485,47314.68566,47892.01068,47159.13578
Burkina Faso,BFA,1464.763968,1427.722942,484.0862915,-5249.788453,-2180.816605,1080.61512,964.2050498,1267.352112,1209.333458,1251.549043,1286.248141,1305.053435,1324.353994,1500.389953,1589.380971,1630.094964,1967.748798,2358.722813,2760.787841,2917.098126,2945.570292,3450.635221,3827.933953,4325.803621,4081.212713,3902.785889,2343.463331,2204.859488,5167.963112,5384.43684,5655.113068,5873.230909
Burundi,BDI,575.8118481,600.7375309,-196.2297972,-4933.234052,-2557.582105,498.9779385,280.3802741,502.1741956,460.8575292,448.9963029,457.8107537,410.632422,414.7303606,373.5810042,418.9226518,422.5060175,478.3824604,474.6597395,501.3274533,565.3955661,609.5822628,649.0873112,661.0488265,684.0438833,812.3418504,831.7917331,26.4360914,-80.63103334,979.5243282,1076.597846,1165.877953,1189.287441
Cambodia,KHM,1560.940339,1637.066564,998.8837962,-1841.102464,271.8636589,2870.805136,2703.606324,2685.338124,2881.84843,2999.525624,3059.741338,3339.499165,3410.529326,3789.63589,4084.466183,4603.616498,5181.854702,5883.442469,6415.099747,6874.785346,7539.323418,8089.857551,8299.726751,8544.470793,9302.145108,9382.388157,12186.97853,12461.44553,14034.91234,14627.81193,15573.22003,16199.893
Cameroon,CMR,5151.749593,4447.214366,6186.132161,2696.479867,8878.337571,11523.86793,11346.19049,10155.05454,10243.49123,10135.57481,10016.51715,9952.701071,9518.021209,9928.385919,10455.04367,10399.62753,10581.03672,12421.89477,12700.51705,14027.94371,13285.13563,12128.27557,12528.11431,13402.24201,13505.23494,14289.15215,15243.4636,14805.2075,16706.16993,17189.07174,17802.76141,18159.29378
Canada,CAN,491867.0951,486328.5236,487127.7027,472208.737,485611.2384,492934.7687,497482.0428,508453.6176,486809.2352,492733.1907,506711.3353,498818.3765,506032.9968,542699.789,545600.1761,547440.8876,560581.3332,591175.4736,579009.6998,570758.3426,595716.4923,603908.5079,608986.0375,611443.6368,590131.5408,627776.8819,582495.5766,582545.3165,580151.5663,570088.3116,590086.5855,576121.9547
Cape Verde,CPV,388.8675163,388.1953249,-288.8969698,-3582.414235,-1926.963025,370.2610476,194.6925048,395.3200675,355.3187112,397.0671515,388.5845748,434.8415889,498.7519295,541.219738,594.2046087,699.5161338,758.174421,821.4282092,806.7378752,851.0273574,874.2709836,962.1247764,823.2195147,792.8903577,757.3751523,951.7436461,337.7373296,313.4361807,761.7546559,806.9853657,850.9868372,857.6691254
Cayman Islands,CYM,372.8623709,365.2239202,-317.4675675,-3504.654206,-1818.956497,311.386063,154.4265738,333.9358279,307.9541788,317.6452691,306.7210502,324.3885948,329.3369415,351.9012459,353.5248616,364.332062,369.3438627,374.9851937,364.3480965,349.7479062,345.711645,351.9381623,334.3290501,337.0639605,320.5840343,305.2487751,299.3212162,249.730548,674.0887655,645.5984663,667.5588188,653.5153443
Central African Republic,CAF,611.6949536,599.6309589,-132.3864317,-4093.901372,-1804.764361,519.8162856,324.5301019,533.5030309,476.969628,481.2872522,451.1971307,462.1544695,458.3931388,455.638042,488.3956335,515.9396207,535.5476455,567.2564897,587.3650976,590.596953,613.7011281,641.8515097,644.6626699,620.2528205,600.6449555,651.344022,318.2419761,261.8395038,838.6999039,850.6758417,873.194736,893.4572728
Chad,TCD,480.9664866,350.3018891,-355.7275655,-4256.462891,-2032.887402,338.9180026,173.1565378,433.2035131,357.8088381,366.2018482,362.7643493,411.0237819,461.829134,790.6081617,782.1275473,797.3446729,820.1534933,932.7187952,909.5611882,899.5780949,935.4156819,999.8741601,981.9638032,1144.866102,1135.515117,1191.303348,1063.331247,855.7948436,2354.456984,2338.319405,2442.332784,2472.174934
Chile,CHL,31893.92899,31802.96531,32892.50005,28009.56479,34928.23862,44292.34606,50213.79967,54779.09799,54406.35757,55659.08044,53494.40546,49132.02361,51395.49141,52012.90755,55306.16987,58328.99944,61105.02328,66282.77511,70066.76062,64865.48051,72203.00959,80547.2835,84295.5249,87365.67964,87989.30604,90732.03403,89875.0614,89806.5271,102058.0751,107811.9424,118030.8741,119299.1654
China,CHN,2036367.539,2240195.617,2334112.449,2435415.36,2456105.737,2671872.593,2875976.005,2816328.479,2736468.947,2755873.034,2761931.586,2930089.304,3214169.949,3716538.008,4146432.121,4529943.962,4942527.405,5331558.081,5893459.881,6742240.858,7328749.191,8080818.894,8399218.674,8638336.573,8677343.925,8714927.221,8914844.878,9105856.195,9567004.712,10188163.62,11073173.46,11825735.9
Colombia,COL,50910.94993,52557.37692,56272.49281,52843.71007,59634.33733,68003.01373,67833.04847,75375.56662,69709.65305,61871.97285,63734.18059,59892.79993,52526.78403,60242.76293,63332.5506,62567.21401,77265.38618,80338.68462,80928.25228,85619.50575,87562.07407,88904.85235,94158.70497,102096.1188,102912.2588,103276.9694,101267.1417,97964.56134,101227.8955,101875.7846,105179.628,106234.4614
Congo,COG,1523.099261,1385.476885,899.1392311,-2788.21436,-342.8402005,1578.308798,1484.198811,2063.737849,917.9769545,871.1751132,912.3392151,833.2097061,761.619853,1039.054136,1115.20334,1128.365044,1306.470062,1518.320153,1793.081916,2059.939403,2173.091283,2355.814497,2696.949346,2896.240822,2826.438253,2808.72228,3858.016365,3325.105702,4064.1468,4363.305687,4595.224035,4692.157049
Costa Rica,CRI,5045.48536,5092.05321,5133.19218,2506.600027,5348.591368,7288.42843,7123.82681,7414.876296,7419.556807,7409.099712,7556.19679,7750.936913,8236.27178,8465.076567,8634.682071,8633.116638,9233.519726,10049.13511,10549.00998,9891.224124,10385.15048,11000.21795,11138.77829,11162.58397,11257.51981,12291.07759,12206.59554,12022.55312,12316.01727,12107.52608,12528.37436,12461.63023
Croatia,HRV,28275.78786,22241.42237,16917.68931,14018.49134,16184.1456,21171.70511,21715.62467,23117.01514,22976.88497,23236.29069,22192.26567,23681.42314,24792.17791,27595.14615,28082.36523,28630.64971,29790.0524,31623.23276,31147.67001,27849.61949,26776.4069,26215.56576,24395.72161,24072.03835,23152.23468,23412.02663,16635.38776,17048.6506,20026.26318,19790.35811,21174.03511,20695.0677
Cuba,CUB,42139.52825,35679.4763,34884.76123,28762.17701,33876.50014,30732.11844,30967.64644,28818.95457,28730.27461,29477.52505,30164.45964,29040.76696,28787.95707,28642.6566,28424.93366,29796.188,32188.5941,31751.14566,36198.23557,34237.23427,42068.99601,40324.3941,40413.69258,39320.69121,38822.99968,39241.06861,37209.60049,36966.78835,37080.84525,36468.47024,36339.92777,36640.30762
Cyprus,CYP,6983.089056,7661.700593,7548.516639,3873.235789,6114.052054,8731.03387,9052.33833,8924.725604,9620.411052,9865.813545,10211.51385,10154.79295,10396.79139,11060.6703,11686.47425,11872.20601,12421.8133,13143.07875,13738.68676,12709.34106,12534.72761,12247.15293,11850.61045,10792.08529,10960.78821,10945.11719,11243.48433,11164.53399,10041.80836,9441.305869,9487.159509,9454.912563
Czech Republic,CZE,103914.1866,87866.08872,90868.93592,86046.80785,86104.53573,97671.80259,103091.9162,95884.34283,96480.38027,91042.84531,95571.11192,96041.21437,98847.06435,101354.8837,100852.0184,99745.62965,99590.87265,100831.6922,101991.384,98074.26397,98017.44693,94951.40641,92860.37643,87890.0408,85220.02349,86906.26704,50757.38509,46679.31965,89302.84475,58942.5612,62858.73338,61803.11306
Cote dIvoire,CIV,6851.262375,6144.297317,4558.323609,1693.790791,2801.042287,6789.789118,7727.810333,7597.264276,7067.808375,6478.02828,6789.541341,7562.817981,7383.536182,5922.13823,7572.452316,7680.640315,6817.237646,6905.951716,6924.915357,6146.941601,7054.718833,7078.653938,8741.172913,9880.441875,10035.88079,10268.99563,14213.66163,15059.66984,17950.2357,18820.72144,19826.13886,20683.18446
North Korea,PRK,162519.1454,155750.6874,136496.7246,121728.4086,111196.7972,94904.69331,83290.50981,70236.39735,58279.06256,58295.47141,51649.35413,57822.52751,56923.90707,59659.87437,59820.01463,62750.10774,63772.44692,52219.90528,54919.33716,54634.3694,48280.074,33486.77359,34370.72045,25539.98215,26980.98317,26821.90308,46643.06999,49349.74102,50114.31261,49558.01504,49050.03502,49183.7974
DR Congo,COD,5804.265139,4812.98499,3595.543022,-794.4904929,1448.726969,4565.931931,4795.126461,4304.322451,4572.465762,3594.788056,3016.485616,3088.436484,3306.437128,3683.670494,3954.696598,4499.335673,4797.287325,5783.803615,6371.479732,5860.386739,6644.700292,7191.09055,7423.218559,9062.388554,10030.43679,8451.024534,8396.173356,8638.198452,12623.62061,12387.79631,12842.15592,12884.54028
Denmark,DNK,60481.95909,68462.01868,60916.7578,48372.73678,60199.59113,68355.8048,78013.02991,69826.54787,69950.85374,66656.8181,63021.34371,63747.82634,65904.95179,74362.61344,71285.63177,69853.41623,76049.92145,74745.57023,72722.22047,67974.93964,67698.91402,63464.12217,60105.73854,60955.35991,57459.51978,55713.8055,48784.18549,47500.19593,51009.18924,49205.29863,50585.1203,48071.03204
Djibouti,DJI,631.2998799,595.4657715,-130.219472,-3728.531342,-1833.380996,446.1639418,274.4932958,468.8837352,433.6859096,431.5555364,454.551928,493.4746499,532.8651448,565.7423715,561.1498056,579.8458227,592.410494,646.8141107,691.1887498,665.3055444,727.8635173,706.4978125,798.7467996,823.8391569,881.6690943,907.1385151,474.460225,476.9565242,1194.879782,1203.457182,1251.704947,1267.673849
Dominican Republic,DOM,10602.10467,11231.85565,12200.49218,10443.84228,13538.74078,18003.60657,17835.41435,17270.8242,16408.22915,16663.91368,18042.98859,17393.08114,17899.97053,16587.26261,13964.83769,14892.05423,15736.3805,16540.4927,16470.49646,15542.79445,16266.40418,18127.30413,18514.91654,17889.90114,17911.62741,17962.59685,17763.08381,17674.14838,19508.29757,19071.8183,19614.3805,19658.09564
Ecuador,ECU,15723.19793,15673.35824,19033.92387,15339.17496,10010.54341,21762.64168,22150.73742,18086.47234,21731.54037,19195.9312,17636.20797,21844.18579,24018.40561,26156.39032,27671.69582,28588.09376,27573.87686,29796.91736,31532.76655,34264.49303,34862.48995,35960.74315,35811.35155,40527.56237,42056.21349,41618.72862,39015.24401,38351.9471,42155.28249,41557.5343,43265.81107,42506.90052
Egypt,EGY,89656.04307,87820.79454,85942.84895,91751.08873,84736.64835,95666.17296,100641.7954,103775.2273,114108.8974,115437.9074,126850.6568,119138.0739,123144.1518,142098.2749,149801.928,170746.1201,184230.5301,194804.0132,206105.8828,211681.6024,211006.4016,226045.4274,224660.5309,219221.4434,209203.3018,212311.5543,241281.5857,241233.277,232847.4576,235248.2457,239564.9279,246074.4908
El Salvador,SLV,3976.596923,4589.170848,4111.144925,1268.853478,3879.698569,6760.328436,6143.697115,7107.145111,7881.832605,7820.32653,8296.347962,8381.854233,8402.464675,8865.313465,8840.887424,9008.833188,9675.448581,10164.90598,9910.646506,9409.286624,9650.948423,10103.1945,10355.30027,10013.25468,10164.59118,11463.7214,10758.37078,10667.74378,11159.0579,11296.49018,11920.51263,11868.94729
Eritrea,ERI,1012.923382,988.9161433,270.5981035,-2885.125962,-1354.922405,1071.02003,974.2508999,1045.215127,736.7128651,757.5945456,707.7729828,760.2129341,735.0708973,881.6605984,943.7533456,927.0930075,713.5195546,712.9123453,552.3592789,667.0707595,678.026064,729.628567,774.8092571,800.2636291,793.6019758,777.75676,481.5187809,469.2946454,1042.46415,1038.860292,1079.93325,1101.217651
Estonia,EST,37388.1449,29441.45663,15678.31653,7550.581201,11036.99019,13837.51956,14689.15626,14140.87316,13716.60037,12915.79246,12143.11138,12889.6964,13036.03331,15063.78298,15506.16403,15566.95795,15478.62384,18358.24573,16438.65421,13582.16638,15511.36151,15620.025,14903.78054,16042.60845,15173.69445,13616.24812,12708.94052,12999.94453,14337.40309,14105.35647,14654.50524,14089.6734
Ethiopia,ETH,3406.325087,3027.499748,2197.953663,-1738.820252,-133.3149097,734.7730849,809.4198835,826.8508611,744.3561599,771.6811163,515.4112916,785.6317746,812.2422359,903.2764167,1046.197458,1242.233645,1516.745916,1608.538542,1920.3067,1971.785422,2083.716921,2232.288283,2414.05814,2355.402392,2343.677973,2374.525153,11198.51794,11503.7139,10957.63953,11104.40689,11217.44946,11353.94782
Fiji,FJI,1303.40636,1159.181427,581.4610735,-2772.206374,-1050.34358,1137.930095,1008.019014,1100.874721,969.8017412,1027.283577,982.7661663,1223.30673,1091.884607,1340.624755,1710.536912,1520.295034,1748.473658,1688.253245,1611.489963,1341.955602,1725.991407,1681.632422,1583.985251,1846.098107,1945.131192,1986.697987,1484.909356,1469.25472,2020.990524,2163.665964,2297.272734,2293.432487
Finland,FIN,70605.05317,67500.97539,58953.24487,29742.78684,46196.93869,63538.17924,67447.13063,63788.98659,66346.14454,65486.11143,62721.75218,65487.99564,67791.57042,74845.02526,72147.89719,64931.82802,72202.28643,71642.76123,67226.55098,64461.60202,68230.5544,63467.92134,59635.41825,59664.26244,55517.70021,53907.9925,47380.94876,45893.15213,61656.22512,63574.56855,68080.66088,67821.90645
France,FRA,517267.594,544312.6172,528582.0483,469373.0598,493145.8223,532362.5604,544352.4238,530457.8777,553804.2133,550511.0081,548173.0806,548663.6933,551903.4449,575123.1383,584452.6394,593637.1511,588109.1177,585250.686,582109.5962,548302.3935,545639.9589,519552.0474,514463.6138,512547.7273,477588.046,487084.5826,397926.2968,410960.1881,476469.9642,460475.3331,493259.7307,465484.5919
French Polynesia,PYF,757.7016106,746.1168617,-21.9993067,-3531.381424,-1653.738133,671.5402207,485.8909967,628.6582282,624.8982911,622.4888191,601.4754789,695.8562375,772.8365588,896.0735888,910.543627,962.6459261,1018.159782,1070.931879,1110.645495,1043.670883,1072.411834,1103.439154,1022.933755,1031.29628,994.4758218,967.400019,276.4225622,213.3963984,675.2483086,664.1088885,693.8320663,694.8517566
Gabon,GAB,4881.676894,4879.411824,4462.338602,758.8209359,1870.397918,4273.869671,4189.655973,4245.277611,4442.102305,3984.175881,3557.640611,3739.126712,3693.558077,3831.399629,3796.229142,3840.366983,3431.264301,3506.759408,3503.313395,3734.728289,3897.854984,5139.738435,5130.129056,5480.716632,5324.851245,5221.937918,4404.866234,4018.033243,4836.056255,4742.844328,4733.259379,4658.559164
Gambia,GMB,529.9886678,519.074945,-215.1243752,-4011.115163,-1990.681465,453.9724895,277.6390651,449.144877,432.1102598,436.0906118,447.7768082,433.7522545,429.8762563,432.70983,463.7593346,472.8963981,486.6805756,542.4607076,551.0408004,544.7209328,589.582535,663.7185363,636.9726181,602.8778437,658.1391516,690.3534896,397.0244043,374.9609926,818.9188046,866.3577164,895.8762947,920.6661276
Georgia,GEO,47074.82284,36016.92136,26843.5237,4419.091135,7525.024967,5807.860628,8352.07202,9604.523657,8116.208419,6645.138787,5569.421197,5613.250403,5440.395629,5740.382977,6847.130101,7419.522014,9375.304237,10292.95678,10785.12377,9469.736256,9606.71288,12066.31812,12685.13094,11853.42665,12747.77712,11758.10854,10467.93984,10105.61365,12807.6581,13097.1015,13836.93504,14269.18025
Germany,DEU,1094083.671,1079434.754,1049964.601,973492.2905,1001981.606,1050176.014,1059131.688,998024.4683,1004984.796,982976.1548,961768.8394,956117.2809,936037.5394,965143.236,948504.6152,923277.1314,910826.6606,875278.421,868874.2538,830245.5725,834307.6818,812974.9392,811742.635,821881.5503,803265.0811,812619.2604,655267.8869,654887.7451,839711.5932,820634.699,855045.4627,826651.7225
Ghana,GHA,4068.180824,3656.808216,3329.214142,-80.51840215,1909.056789,4445.370734,4661.218564,4770.104461,5131.971172,5829.564699,6504.752523,6101.376887,6347.93168,7224.671221,6979.248843,7775.011728,9430.57014,9574.528532,9463.723702,8064.471026,10386.57055,11891.05736,12834.95734,14760.39196,14732.23369,14629.54242,20546.92144,20702.34786,22455.57686,23444.11047,24256.05766,24476.7719
Greece,GRC,107812.3154,109029.761,109342.5348,97858.00861,106043.5553,116655.3136,124280.4507,122312.8942,132979.1145,135729.6545,141734.7098,142386.7968,143555.1211,154341.5309,155823.4711,158882.7039,159143.7508,164826.9281,163124.9667,150032.2502,140892.1342,131883.9909,124511.4263,113584.8465,106776.8772,105781.6418,62949.84831,65730.49324,74120.62129,73245.27949,76911.76534,73564.41693
Greenland,GRL,430.6466473,408.4230853,-239.6202273,-3225.849608,-1729.238517,344.1337862,224.609225,360.1102932,304.5105642,302.755733,274.6526973,271.0362408,288.8357979,325.4591818,257.3422771,275.1444798,316.6442164,334.6092593,385.3528837,349.3804294,403.6850178,397.8202418,363.9248535,354.2519351,319.2641725,306.3159556,-7.478108152,-48.66256164,256.0102656,242.3848754,249.9629446,242.549794
Guatemala,GTM,5997.338152,7092.082277,8499.080377,5471.451718,9740.277121,12133.01645,10726.93257,11585.06379,12189.97269,11804.35577,12187.90176,12978.31745,13455.38682,13357.05789,14178.22016,15073.50225,15554.28157,15755.51326,15009.96917,14846.07604,15149.54305,15735.31442,15927.62339,17352.21822,21123.26433,19310.61568,21534.36689,21974.01455,23705.22923,23492.86055,24570.87232,24961.6282
Guinea,GIN,1617.080717,1573.483632,903.4567729,-3073.177627,-847.0282458,1735.457378,1583.244795,1872.82623,1766.956081,1814.607183,1783.232063,1870.227656,1972.456939,2110.554619,2187.296129,1996.702705,1991.288884,2227.89693,2438.956847,2476.571985,2703.357056,2790.630352,2753.645065,2650.132625,2703.089528,3195.130751,4359.247893,3688.332457,5302.633985,5416.419656,5596.519166,5709.994558
Guyana,GUY,21047.29019,19675.21131,24886.20161,20303.50247,23653.12374,28563.76413,28987.50837,25437.46937,24107.68975,23640.78927,29782.50379,25508.49631,28788.87576,28593.93509,29619.50706,32799.27047,36742.88412,43716.0629,50125.76985,49319.61972,59722.79871,69174.91859,52660.45753,52049.42792,51833.41485,52814.81349,3808.162696,4492.088604,3867.667447,2914.764563,4877.028204,4948.462615
Haiti,HTI,1408.288947,1425.371283,485.546522,-3049.690732,-1502.417736,1265.487637,1204.072967,1691.811592,1510.305392,1602.206849,1560.593595,1723.881041,1914.24862,1845.135067,2138.066093,2234.839838,2337.092701,2634.855514,2697.108492,2604.822628,2670.339686,2708.085645,2781.416989,2876.237159,3273.458278,3314.661041,3342.27977,3522.862109,4936.857904,5036.755849,5366.110296,5545.973878
Honduras,HND,3702.065369,3475.272424,3198.496978,228.5903632,2203.694226,4603.370477,4518.901069,4796.921466,5200.809524,5380.796894,5695.222196,6132.865935,6388.583051,7037.985588,7529.873782,7721.531058,7540.307636,9171.955166,9388.645994,8762.225937,8907.547971,9864.751083,9954.475094,10120.08951,10481.89995,11139.72647,10520.88577,10585.8653,11603.42314,11552.41731,11995.86992,12069.75414
Hong Kong,HKG,113935.1071,126022.4678,138009.5112,156275.2397,202719.0176,221664.7675,203250.3715,206042.1428,199981.5112,194046.0802,210535.7141,202756.9966,211980.0815,243970.5442,282450.259,299588.887,337451.5293,357704.203,353848.3576,323162.8196,369119.423,396451.4384,394008.7652,391644.4387,386283.6753,371534.041,167151.8697,169741.2858,178741.4277,181148.3777,192973.1569,200047.3747
Hungary,HUN,62658.56583,62112.00872,56045.49623,52965.50733,54444.83543,54341.31438,53792.12682,51773.4912,52551.85668,53137.59842,49762.75735,52778.09817,55575.38349,60762.54237,60943.6694,61129.63625,58850.87365,59338.65068,58799.57811,52643.32539,51724.8697,49767.79316,46446.58732,44270.19976,43331.3399,45349.11617,38757.66784,40970.5044,49305.03007,48483.04309,50122.31358,49494.79457
Iceland,ISL,3286.541657,3314.035024,2718.958881,-731.8122435,1050.78027,3404.803382,3447.300288,3630.216809,3818.680933,4007.388516,4104.079379,3880.845975,3986.21131,4341.987728,4765.972685,5092.091833,5632.559476,5963.627008,5463.132305,4602.188701,4552.169493,4566.542326,4558.155933,4563.76092,4435.822029,4440.925161,3928.918526,4090.302634,5914.040638,6126.332784,6572.397086,6562.695949
India,IND,644408.0002,669026.3922,703519.3327,704883.9425,761576.4724,809641.7842,862207.3051,887241.7071,902275.2987,959356.8056,968119.3858,967683.9963,964493.5464,1006873.786,1052937.27,1104726.807,1152387.004,1230997.753,1333888.609,1500390.696,1494173.967,1585349.794,1702771.631,1699646.894,1854471.092,1914665.873,1932274.498,1974450.471,2072012.471,2142848.361,2163606.437,2176597.687
Indonesia,IDN,190217.7114,211229.4344,219291.9113,226257.5373,245847.5893,263698.2313,276202.9927,278467.7976,238387.3844,273800.9279,263964.3654,289206.0431,304307.1803,338706.1766,338854.0683,335134.0156,349296.2213,366477.0089,366603.9056,390928.2697,437161.0257,478428.7225,509019.2293,477168.0991,502184.7529,516252.3285,525831.688,545616.029,533022.6547,522382.6196,520954.4974,510431.9832
Iran,IRN,210620.8877,217227.4443,209967.366,190462.3655,221400.3599,239515.1735,242094.085,235566.6998,269885.7048,323210.9518,305397.0837,331742.9964,339235.3124,359928.6741,390289.2438,408777.6329,449937.9652,463983.4675,493598.8242,518953.0372,534148.6451,556731.3764,583573.0524,569206.2029,582119.2485,593827.6816,561090.1498,573254.9819,594449.6752,615304.8877,638374.8977,640358.9561
Iraq,IRQ,53540.06726,46261.33085,57954.50331,56302.07175,62786.25872,61387.87332,48589.73774,36102.52007,36334.84437,35516.02878,35148.11205,49102.5301,50953.23214,63148.87712,88516.53349,90871.31249,81944.11096,57551.99773,85568.31865,107472.5562,113640.3166,131391.516,148704.5984,165169.6074,167376.5314,170055.7972,187802.9533,196331.9908,200231.5985,201267.9031,212908.8246,210846.2041
Ireland,IRL,31106.50639,31878.96528,30937.60308,25514.03369,30438.31807,36357.75665,38202.40693,39367.85076,41040.26442,42572.52706,44047.15269,47011.81301,47556.06863,51234.6452,54450.37981,56590.47576,59794.9671,62157.14127,61263.24541,53828.68917,51980.46949,47877.47786,47716.61132,47264.61016,45738.96737,46348.49068,57916.88181,55764.67206,53110.87191,51515.81397,53962.97275,52586.21775
Israel,ISR,43960.16411,47455.25139,49547.37442,36597.65573,48924.03636,62849.85913,63525.86625,67975.82731,66356.27297,65741.60409,69402.90458,75046.25377,70812.78812,71411.69606,67065.1981,67019.97225,68186.43623,71733.26374,73611.46591,70538.69019,73744.29635,76717.49954,80736.16522,77206.09173,74734.14959,75947.21584,73591.3415,77881.96501,80440.56415,78275.41601,81723.29163,78108.72955
Italy,ITA,521661.9902,530432.0223,524427.6699,418230.753,448667.9725,510044.5738,517379.3829,525601.1163,542225.8977,549559.3391,551053.3774,555241.7023,563564.7717,594389.9836,600749.817,600560.953,601675.0299,591059.5394,579639.4546,527184.5026,527235.7401,496014.1098,473069.8038,445200.5906,429585.189,431996.2891,327701.3254,333778.5937,416138.2434,403776.4642,433888.2097,411973.1634
Jamaica,JAM,8511.558799,8229.353077,7416.263568,5181.176911,7067.231155,10317.95183,10681.9464,11155.86245,10491.91412,10665.08809,11196.17777,11416.94391,11302.8711,11706.07029,11617.57472,11738.0214,12878.62039,11432.68376,12261.90123,9515.001712,9058.388589,9750.940747,9435.013656,9935.283632,9411.131517,9518.214509,7842.219298,7709.305418,7490.122988,7311.845785,7528.52986,7290.608028
Japan,JPN,1381328.262,1397031.514,1375503.705,1332000.768,1486164.84,1595874.583,1583942.69,1548176.147,1451997.826,1507869.384,1598042.564,1552005.296,1555455.243,1584769.69,1611201.765,1622235.437,1594496.553,1551151.168,1521890.457,1423068.237,1483604.571,1559454.641,1592480.734,1528514.559,1499603.121,1483899.887,1262705.452,1260021.894,1275276.888,1251151.72,1271593.204,1242996.878
Jordan,JOR,12110.51325,11479.80795,13402.44138,9489.03888,12740.91505,15265.37338,16217.01838,16154.41792,16956.2578,17096.44283,18856.20638,19578.38752,20449.24237,21383.827,23870.87639,26354.99696,27136.96239,28418.49092,28108.53964,28404.83979,28143.29275,29208.06651,31971.4163,31625.15499,32439.32153,27446.95295,29563.96757,29994.13983,32255.73491,31097.99157,31920.71801,32317.04637
Kazakhstan,KAZ,282898.7561,274037.8765,211047.6867,3719308.05,2066802.423,151875.1931,138050.3148,129853.4881,126839.5445,101272.3943,115321.0465,115209.7489,127619.6059,138275.8579,143792.2293,153447.6494,173619.6861,182248.0379,173341.8823,181564.8614,200744.7388,187720.697,195756.1925,205147.8762,211677.1842,220893.0133,2188162.895,2274699.897,205675.6872,215167.4278,222074.2085,223892.8137
Kenya,KEN,7839.015453,6818.033198,6021.449517,1237.53431,4432.924269,9548.904563,10268.14774,9516.511217,10751.76655,10443.28585,10734.15035,10845.94201,10018.54581,9959.021334,11254.52998,13072.08725,14825.05201,15659.03383,16791.47508,19007.15641,19091.94807,20868.19566,21599.19906,23754.04901,25148.90159,25759.85929,23875.12599,26481.74058,29021.75984,28197.12214,29237.77116,29842.07041
Kuwait,KWT,51490.11103,470449.487,25359.00936,25087.64484,33053.15606,48453.23265,45657.34168,47806.5159,46669.4016,46809.39802,38979.37863,47582.4032,50945.10003,53662.89958,56197.40209,61205.15403,62905.35576,68265.02864,74131.51001,79552.85858,79760.69074,78127.414,86925.03843,89107.49172,83355.25793,89703.36964,88032.90132,87001.3901,88382.84206,88843.02889,90343.75088,91669.97272
Kyrgyzstan,KGZ,26730.82428,19626.43738,11731.5683,-1845.491365,2349.560838,6009.678344,6146.005716,6482.163835,5792.307496,5069.983663,4799.571294,4715.782584,5022.472274,5469.481542,5748.177629,5966.077846,6652.7322,7524.706363,8856.597632,7968.733034,7648.65826,8972.982509,11030.43623,10707.82795,10263.77465,10399.89306,9628.669775,9145.233328,13022.04582,12883.12675,13215.49868,13118.56569
Laos,LAO,497.2243092,543.4711106,-111.1661579,-3249.349817,-1682.282102,681.3817904,630.9828836,953.4101385,875.5936808,1066.913822,1118.12481,1077.19473,1287.256693,1278.196905,1581.778466,1653.555907,1831.141759,1409.992971,1520.002265,1692.894391,2003.262108,2149.600793,2203.585882,2148.564988,2341.893389,2367.551575,4769.091807,4849.704311,6880.77818,6960.349185,7288.236142,7434.45443
Latvia,LVA,26127.98836,19196.49828,9574.528068,4330.468795,6685.597494,9637.907711,10256.65895,10062.77083,10291.16395,9792.608768,9113.219525,9745.610308,9894.729678,10482.05409,11010.52528,11238.31686,13024.93954,14592.96399,14128.22902,11958.06837,12927.7402,12843.73876,12584.23488,12444.82631,11803.8612,11918.39417,11305.82277,11350.15771,13365.38348,13025.21618,13519.73139,12985.33799
Lebanon,LBN,12033.34689,13043.72001,14305.94259,12509.00445,15661.07788,20385.4051,20551.42682,21068.35208,21461.0658,20920.31674,19397.57224,20971.97204,20103.8341,23417.85632,22709.2606,21920.34952,20676.55735,19086.73103,23362.29695,27241.03791,27133.82663,27997.09545,29872.37884,30231.92876,31601.20138,25408.71015,23817.39144,24421.17524,26179.5243,25343.84704,26395.86411,26269.60746
Lesotho,LSO,2227.523936,2367.023835,1503.456801,-4896.012304,-1391.070847,2022.941331,1797.362232,2140.873664,1965.209127,1977.357406,1932.652324,1950.175789,1950.580493,2126.433032,2241.330904,2289.697113,2342.280085,2425.759947,2552.580684,2908.008708,3425.694045,3657.195657,3618.874527,3554.792462,3494.834809,3590.782829,2001.85206,2028.755666,2839.084463,2973.500239,3136.078385,3125.377565
Liberia,LBR,424.7303862,632.7632323,-25.24559605,-1695.35549,-844.0408743,166.0519957,113.195689,271.1669758,285.1592876,306.9872734,273.203918,358.0245839,364.4707263,320.4519098,378.1211918,431.3054287,575.145179,533.0628638,474.0741622,498.9630761,675.1816916,730.3637969,884.1817726,897.6778261,860.0970564,1034.385227,148.4594259,-62.17533508,1332.265996,1506.427914,1535.847225,1565.764033
Libya,LBY,27633.91647,34229.96104,29266.383,27507.18194,32656.69651,34172.30779,33521.319,35200.68669,36212.97961,34496.08412,32690.04484,31498.31511,29039.2972,22318.20792,20016.15083,20453.31873,22910.07959,20478.19452,24160.19988,24743.82171,26674.49227,17724.57886,26909.10428,28351.4475,26440.64496,23630.81881,49950.88645,53085.17907,52645.53267,50680.89592,54040.60793,49328.33486
Liechtenstein,LIE,424.2978371,420.4816061,-338.9526647,-3753.022211,-2039.762778,331.3248718,132.8597699,357.1615336,328.5696628,328.6112781,312.0984915,322.5348436,326.5326832,336.6483098,340.1023325,346.1292534,348.6657849,320.4619587,335.7979119,318.2576262,314.6959815,319.7375324,308.9829144,319.2979839,273.2457289,263.8702164,-692.7624769,-909.4190589,942.7344779,920.9658202,945.3807785,951.0645204
Lithuania,LTU,47049.64886,38431.42766,18026.18156,10509.47718,12997.22351,16214.4685,17521.68928,17561.08574,19292.00684,17200.96122,15410.4869,16322.11368,16953.192,18093.41925,19023.91331,20047.33601,21501.97309,23773.81901,24113.79392,20476.03492,21535.35714,22302.51377,21817.83103,21138.23919,19977.59771,20250.74184,17799.02833,17682.84747,20440.91545,19633.55138,20206.08445,19238.65321
Luxembourg,LUX,12672.84201,13614.47797,12684.93796,9805.06735,11155.52567,11920.54178,12409.10709,12194.93408,12277.6964,12798.71913,13696.82542,13894.76763,14454.26794,15485.42583,17055.70674,17082.44191,17303.47931,17534.8127,18301.20815,17381.03305,18453.55965,19470.87833,18546.52831,18685.54776,17314.31751,16895.73488,7251.350206,7296.688029,8245.391168,7872.449401,8145.214662,7809.318547
Macao SAR,MAC,2475.176092,2610.800675,2035.137045,-868.803108,1273.832096,3377.04984,3135.088801,3331.921724,3203.19782,3172.162404,3370.428437,3363.833106,3463.086106,3949.520125,4651.604548,5006.776417,5718.31327,6449.771145,6432.809655,6143.068069,6569.339667,7413.557001,7171.776173,7012.151143,6744.109772,6249.835036,6240.761346,5880.958094,5922.849846,5948.726488,6410.671325,6561.981834
Madagascar,MDG,1471.249897,1479.338987,783.2194057,-2387.259795,-408.7395006,1688.071648,1656.282637,2061.520747,2052.262482,2195.51445,2200.098443,2329.290833,1935.284127,2688.341646,2801.68577,2919.074618,3151.888516,3746.31794,4322.933582,3983.154439,3812.312055,4216.007278,4554.943377,4900.980411,4856.321984,4933.905781,4519.526102,4466.047877,5911.596907,6205.324495,6553.674831,6836.468512
Malawi,MWI,1642.324154,1872.79795,1113.299206,-2613.420117,-554.779927,1690.021551,1590.100168,1985.776593,1725.797199,1818.729221,1617.04754,1677.686864,1859.652939,1950.898188,2019.140049,2066.069363,2123.993678,2062.12659,2417.966294,2543.712777,2702.258318,2525.662952,2404.13356,2652.970433,2682.008347,2685.305638,2389.89387,2282.286891,3144.041556,3148.247345,3215.666824,3260.558847
Malaysia,MYS,49526.44362,62773.85896,68705.99626,61198.10923,75242.31253,90744.74362,106190.1325,107880.4801,79779.54425,85537.50325,101991.194,103094.4365,107818.5068,111883.6803,114788.0569,125033.1279,128219.1785,139440.6846,144171.9618,146271.6616,160721.9116,157692.2856,163181.2989,181221.0072,186486.393,192530.4401,176071.5063,176554.5842,183220.3992,181386.2898,184640.0658,182115.5746
Maldives,MDV,303.3486375,307.7820083,-137.1955034,-2493.198911,-1269.831934,384.8948219,276.5865671,482.0766599,427.9079001,521.9670935,503.2088102,535.5234706,598.5686018,579.9206467,796.3621792,826.1063322,1219.101933,1269.537545,1425.133411,1480.414928,1544.642738,1578.064845,1626.265221,1701.134641,1890.656978,1823.252077,1075.116826,1078.558916,1936.285912,2040.155355,2151.02431,2114.529582
Mali,MLI,1557.187994,1598.194932,851.7211147,-3203.827783,-1000.935685,1591.986242,1404.206704,1584.872625,1960.306732,2000.080785,1973.60597,2205.899099,2295.633492,2540.497846,2773.320134,2936.913976,3185.754822,3460.374355,3665.538383,3018.611097,3637.764855,3943.441027,3785.279026,3962.160107,4918.837318,4910.604803,5188.62067,5221.420255,6939.154172,7023.597082,7370.737211,7686.846958
Malta,MLT,2860.201543,3071.838369,1993.961296,-3750.079706,-672.2278243,3365.327412,3052.672169,3252.644286,3352.332425,3411.057973,3486.985773,3264.635551,3263.471159,3427.965201,3429.664923,3472.016406,3613.258416,3703.772244,3788.865646,3515.19342,3574.858394,3618.826904,4016.086557,3459.176666,3375.592614,2777.137252,2189.056732,2212.891956,2630.742931,2437.540349,2502.76103,2426.307165
Mauritania,MRT,1413.299907,1363.525178,652.5260608,-3623.872755,-1222.561915,1308.976538,1196.725254,1376.105487,1243.948165,1261.240811,1211.418166,1306.114068,1375.458661,1512.452991,1721.92986,1815.612808,1779.517509,2060.697976,2088.320776,2302.834059,2444.532797,2626.235865,2709.683826,2982.520659,2941.292901,3229.85307,2733.084106,2575.039078,3620.165205,3764.555689,3942.433237,4017.806411
Mauritius,MUS,2940.056514,3031.437549,2029.88837,-3751.003256,-691.1752449,3605.315086,3384.787065,3731.014029,3630.240988,3774.115492,3965.420286,4058.493824,4113.118177,4340.632441,4464.240218,4162.281094,5405.693279,5551.637708,6115.199936,5887.030767,6331.689602,6699.981244,6769.339908,6996.83653,7087.409218,7316.439493,5107.558992,5189.507329,6254.881721,6380.825964,6773.124378,6681.216134
Mexico,MEX,333015.8251,336440.5563,344735.9448,339436.688,366426.6876,327941.4628,355285.8481,388746.6143,406826.0008,396231.8657,414532.8465,406451.5002,419370.0581,418348.0966,414265.1373,426712.0083,443573.8428,476979.634,535045.1381,499316.0734,485763.3681,485061.1466,471435.4968,482442.241,474817.2001,486968.9259,497645.2106,491798.1206,489693.7985,507679.7097,532944.7515,529374.8881
Monaco,MCO,348.3554001,336.4139492,-425.1880618,-4183.19371,-2308.237054,251.1808954,50.93021986,295.870883,223.1947487,223.8804513,211.0330077,226.7484399,226.2789139,229.7991668,230.926919,233.0482377,232.1296818,243.1795701,245.2229032,227.1554492,230.3592824,244.0756688,231.169269,241.43242,219.1342992,213.8577575,-359.3235629,-480.4652576,786.2795109,720.2894796,738.0067697,737.5016984
Mongolia,MNG,12651.12642,14172.30511,9887.668393,4628.67669,5612.437463,7397.961299,5587.372738,3873.19617,3209.647867,3161.181793,2413.36267,3526.495593,3817.989046,4530.777719,5036.027856,5583.036166,6908.669795,7595.414534,8790.93728,8823.488683,9081.5312,10278.59221,11778.67117,12729.19776,11893.9999,11938.80766,18047.08646,18036.36141,19753.07953,20808.08798,21632.52515,22275.79098
Montenegro,MNE,2933.240993,2933.633731,1515.221072,-3089.190188,-1190.492315,1122.757715,1833.573784,2154.814643,2505.733002,2528.975267,2636.174106,2370.934635,2855.971065,2812.397196,2833.163132,2620.453767,2828.605161,2969.150875,3645.248102,2674.11063,3598.925616,3982.677071,3736.271325,3411.298986,3250.838732,3404.552702,1054.512223,704.0108354,3648.730201,3673.15811,3772.312628,3742.9863
Morocco,MAR,25219.0194,26111.49438,24855.1355,22463.21149,25860.63306,28975.62823,29899.36197,29939.10656,29741.9799,30634.39949,31030.30778,33372.8267,33817.60342,33836.30811,38556.38862,39670.095,40679.70156,43242.3453,46002.29383,47652.47237,49520.44442,53915.35967,57452.29547,55185.29475,55703.62553,56833.07625,55360.40089,56267.03648,58528.84359,58010.7048,59230.37487,57499.05035
Mozambique,MOZ,2516.175283,2594.180394,1656.059962,-2118.568454,-152.5315906,2478.087873,2184.091208,2477.57291,2379.212907,2724.29876,2737.544256,3220.48366,3663.963211,4205.133366,4453.452312,4333.842635,4407.758633,4749.297929,4960.158151,5250.92362,5237.968332,5954.428181,5778.796664,7023.981603,11244.77029,11672.11492,14343.65344,13371.71542,16507.34732,15678.59692,16695.95589,16790.33137
Myanmar,MMR,5884.141514,5283.336339,4733.11416,-2911.055862,2023.755312,7402.970664,7304.072808,7191.828612,7269.777704,7975.772236,7956.842941,7237.786643,7840.993689,9352.91102,11565.60136,10851.2157,11827.88304,12071.88275,9369.230081,10061.98122,12183.324,13915.71152,10750.9598,12328.85656,20520.08448,21210.8754,27343.03142,28882.54596,33250.23094,31589.00884,34599.31808,35211.10455
Namibia,NAM,3210.370395,3713.089645,3239.223259,167.7726059,1954.530594,4465.979139,4483.473478,4768.70751,4662.705578,4716.690717,4499.986299,4919.025199,4850.447028,6090.9123,6242.463541,6156.526912,6444.934136,7215.801882,7083.974378,7798.442237,8074.815391,8500.842157,8480.352098,8653.565211,8867.558874,8940.490664,9128.903202,8062.163759,8495.857127,8511.159462,8681.535202,8601.24731
Nepal,NPL,1603.078158,1931.855126,1613.077679,-2176.404878,66.3014537,3151.110482,3309.167017,3687.940806,2905.530974,3639.354138,3420.780972,3846.553975,3309.627815,3661.389754,3695.539135,4176.118839,4207.887605,4580.642096,5378.190002,6271.604403,7644.311756,8073.435719,8247.297954,9117.260359,10271.6841,10059.6265,12088.77957,13113.83387,15674.2959,16348.16648,17339.96811,18161.55532
Netherlands,NLD,158736.6339,167388.9626,165169.5606,154424.785,163971.2142,176465.8255,181657.0973,167793.4411,178827.0222,176828.7867,176878.1567,186261.8659,188316.3096,201636.4412,208324.0956,205218.6097,207335.7829,208852.9385,212402.1419,204990.6123,210885.5269,198218.5874,195459.5857,192743.1486,182103.1462,190275.6999,174744.7896,176113.2883,187837.385,183528.3535,195024.5361,189240.5633
Netherlands Antilles,ANT,5909.854707,4782.153467,3391.196678,1765.388603,3106.766933,4943.152987,4439.477543,4566.089941,960.6263807,2282.940532,4673.643245,4718.970863,4594.208002,4659.134671,4818.636485,4734.499828,4726.601782,5023.093892,4876.925976,4984.463492,3747.365766,4236.02785,4989.378607,4433.248136,4791.162955,4887.239772,7614.105574,8421.036525,8216.019281,7910.385828,7837.218946,7824.847626
New Caledonia,NCL,469.9728468,472.6263053,-192.5444795,-3546.462025,-1807.662073,476.1368419,300.6897673,513.8165909,413.8721483,419.191391,378.4373718,419.4823626,425.1053431,509.2887678,529.0999247,567.2846655,645.9453567,702.7716077,789.6303534,696.5570761,741.8989855,798.1613331,767.7775647,784.0294591,750.7005466,736.3786642,393.0621604,279.8335406,1273.627115,1233.862976,1282.121744,1268.996499
New Zealand,NZL,28649.00832,28981.99773,28238.27725,16372.18588,24745.91828,33576.51859,35077.89247,35575.08759,33083.67975,34726.14215,33849.16496,35943.47744,36102.52061,40084.38316,42260.40134,44714.2609,44154.07645,44835.21059,45489.48741,39125.28142,41079.87009,40824.88781,41936.28616,42389.04407,42095.57644,42319.85114,43240.6223,45340.28001,45743.81974,43956.07624,46403.08295,43902.75752
Nicaragua,NIC,2717.785263,2758.357842,2404.755856,-915.9846162,989.3717553,3334.922947,3303.888834,3815.534616,3945.009909,4228.819354,4296.498351,4428.410351,4469.904996,4785.093341,4847.133755,4800.785725,5002.416392,5253.226127,5234.456551,5155.472725,5297.785108,5709.100231,5584.273618,5450.000724,5712.193249,6418.595707,6019.511021,5855.632907,5805.547464,5657.000699,5832.766342,5730.183545
Niger,NER,1092.75683,1127.076514,437.3680223,-3106.536951,-948.8583772,1508.832771,1598.697731,1905.073833,2226.678995,2343.281926,1749.291304,1690.494488,1761.308805,2028.487784,2202.345343,1984.551858,1918.740327,1972.971007,2232.419591,2650.292254,3124.003071,3592.484447,4711.125274,4926.335174,5300.09978,4323.160788,4445.742994,4512.708286,6512.202587,6971.02137,7519.683973,8025.547929
Nigeria,NGA,39438.80232,43131.48675,45646.88192,40341.73585,33360.06956,39915.81349,44101.10674,48832.67081,37706.41775,37531.76656,56956.05989,72645.59051,78524.86635,92906.97925,91339.60032,94160.86595,93506.41157,97010.62596,97397.72383,83793.0041,100473.1284,105951.8524,116914.2807,121245.1931,115505.3324,128413.2067,139295.3882,136871.4281,161861.2028,163854.8112,169833.0442,171362.0359
Norway,NOR,50442.06513,48882.79554,47639.45075,38451.33626,45847.73511,53939.96317,58193.19744,58203.76731,56321.23494,55037.09152,53776.65427,54828.96475,56049.45785,62404.25843,64013.33018,65371.37129,65931.64683,71907.10194,72265.48365,66138.68013,71850.17276,72867.17653,73128.64408,74523.747,72891.5238,72023.42747,66337.0924,66872.44648,72681.4085,69361.03839,73755.77579,71740.69627
Gaza Strip,PSE,929.9249105,953.9174882,226.9163925,-4678.585977,-2122.590234,835.0770443,599.4455243,821.5080808,677.4382186,709.0879967,587.4167052,644.5394492,646.8298271,743.8078192,849.8938884,857.6361298,1023.300449,1137.263898,1215.010657,1478.644226,2182.531612,2203.883987,2285.53368,2392.268351,2357.394485,2189.053378,2150.008136,2093.771872,3621.739858,3538.669325,3722.80655,3799.894856
Oman,OMN,9875.507229,10719.1098,10401.88285,7875.839179,10439.10989,12755.133,11800.06362,12216.04493,13432.31287,14897.40822,13537.28907,13684.93645,15798.48911,19379.37601,18064.55589,18058.88765,24049.85516,27733.92601,29008.2688,31388.68697,33795.80885,37096.92709,40587.80034,40118.97406,40024.19386,41970.1143,56463.18278,53833.55817,49968.7658,49148.77145,51219.40271,52114.84975
Pakistan,PAK,68389.97515,67225.64656,71066.9755,72521.6166,80171.33132,82736.49016,91890.87604,91696.89859,92961.7088,95100.4909,99613.30077,101133.94,105599.875,114391.0921,123294.5682,130623.2532,140582.7037,150131.7601,150208.4397,151507.4871,152282.1451,155741.9512,156961.8459,157931.8103,160508.7899,166920.9627,208745.3276,226165.9653,228669.023,228886.2163,232694.7535,236203.7434
Panama,PAN,5403.104201,6418.422625,6836.749191,2990.883609,5250.716782,6513.475844,7621.905779,8477.093485,8581.992532,8061.860393,8205.689784,8912.336469,7973.641036,8253.588195,8253.798465,9253.328894,9758.131316,9946.397742,10245.91687,11089.44037,12116.13728,13692.04117,13854.85894,14254.60639,12740.20725,14114.84207,14278.30627,14334.27211,16129.78101,15962.94846,16618.34639,16026.81992
Papua New Guinea,PNG,2992.443079,2984.74963,2141.385473,-1748.713021,243.1978314,2292.091148,2366.596915,2873.674192,3142.770477,2432.058695,2521.615574,2820.175461,3037.033207,3365.14455,3880.958801,4126.799335,4410.572978,5735.036288,5129.762281,5190.351596,5073.468468,5989.467757,6032.366599,6622.910543,6660.11323,6841.073025,9113.539385,8842.460355,9559.826888,9737.292182,10010.20008,10122.37063
Paraguay,PRY,3801.308399,4011.886289,3753.401544,-941.9720691,2512.887967,6394.092182,5830.478328,6281.633469,5965.676452,5635.163206,5117.194673,5003.082832,5353.762259,5477.691429,5862.094585,5841.553182,6442.203469,6812.016622,7701.707165,7295.156224,8354.548463,9115.170688,9248.185669,9587.253079,9701.832964,9871.779858,9156.471923,9392.859868,11349.00062,10781.70648,11149.26476,11301.37762
Peru,PER,27313.07484,29457.50035,27923.43287,29822.4448,29825.34124,35002.05644,38752.51272,41383.59493,36692.49748,34610.51241,36248.1397,34061.00138,34092.04158,34912.49692,42121.81876,46812.30589,44063.72547,49644.7347,50635.13408,57657.34878,65512.37088,61689.722,66057.48225,68883.52431,71665.85499,76780.0301,71912.42901,69227.84298,76572.52033,79546.24401,84350.66832,84831.48283
Philippines,PHL,41628.4546,42839.66587,47418.51689,43218.49197,54102.14131,64941.65588,72338.77628,78756.84266,72798.06706,72983.40215,74715.51699,73256.07162,75304.65677,74666.08941,76304.68659,77390.78142,74966.22731,78679.4235,82547.65507,79354.03629,89484.88891,90768.99315,95435.32715,101537.1728,104195.1391,113026.1977,139313.4932,149894.5166,164381.1508,169173.8065,179550.49,189056.1775
Poland,POL,286352.4373,308813.9568,291735.3174,288512.4603,291450.6224,306354.4183,325882.0881,323393.379,310363.6629,300548.1027,295817.7199,292118.6748,287598.8331,296315.8261,301588.0879,303910.1736,321246.749,328905.5353,331512.6088,307858.9885,331639.7346,333719.9662,325489.6052,318877.896,304002.1701,309635.6068,260182.6178,264264.3531,279578.9453,278076.6175,286276.3354,281232.6146
Portugal,PRT,56157.94383,59569.28527,63932.58963,52407.10135,58190.45255,69395.90701,69287.87155,72344.40396,76985.72215,84681.02435,84289.72317,82615.47407,85953.94267,84389.30171,89200.46109,88742.03132,88290.55548,86610.61813,85078.58538,77245.51342,74350.29965,69959.75882,66278.59827,64063.41783,63310.04785,66490.42538,50040.43122,54055.18756,58117.05287,57687.33223,61899.49376,59548.9416
Qatar,QAT,11829.22354,15913.98474,22397.1255,20561.29601,20775.50805,23570.63126,22423.65079,22272.92779,17822.66826,16322.73979,17977.0548,21840.63449,21864.09699,26272.18758,30052.7627,37504.89684,53908.63915,56950.90028,59261.57884,64856.01984,67936.07506,75613.57887,88513.42182,79536.65698,87169.60658,101899.6555,121940.9305,114941.6773,126358.0129,127376.9292,131355.4248,129599.0296
South Korea,KOR,277029.3688,308488.684,315665.4774,330720.3425,388999.0064,427159.3783,408950.9545,440633.6361,359611.6277,417828.9936,458343.9479,478366.2007,498879.6942,468809.3597,486630.4881,492532.6143,500093.4477,516301.3654,514876.3832,495646.225,542593.0129,557649.2184,564960.0026,570571.9729,561546.6527,573039.0529,584919.4358,606539.6915,622626.6705,623869.8858,636464.662,643096.105
Moldova,MDA,460.3528073,496.953864,72.23353166,-694.3533094,-321.3020569,137.8016734,116.6275621,141.0798711,115.4866942,69.19014989,79.35674285,88.8496913,92.90188069,125.9341607,215.8758133,271.9887574,429.0774458,785.7416036,1388.840652,1768.316002,1863.471565,2329.371723,2465.098667,3079.533704,503.1793834,656.8237324,2139.435106,2570.262808,4878.821744,2656.372611,2544.623359,2602.075942
Romania,ROU,152131.3521,117585.8653,103714.1283,86702.67416,79225.32884,111495.6378,114228.3311,107090.2134,97387.62254,81706.18208,86282.10893,93414.16117,95299.36139,101210.2964,103759.9462,105285.2312,112501.3728,119734.8041,120178.1999,97843.24056,95886.32805,102207.5853,96802.29654,89540.20872,88634.36268,89152.70328,-41311.39028,-45369.5956,90813.8991,88472.97584,90426.65638,87314.49638
Russia,RUS,2224975.07,2237609.225,1876960.465,-316886.2087,444842.2196,1481543.931,1381191.355,1326659.856,1213471.957,1200129.365,1221499.291,1280447.687,1269594.902,1316781.344,1347043.349,1376603.455,1428029.585,1444563.726,1483083.107,1362554.44,1459997.241,1521481.835,1548362.302,1495872.445,1400506.414,1475817.89,1111826.366,1065486.677,1321449.678,1322772.324,1360479.905,1329495.675
Rwanda,RWA,1064.224123,968.7959351,175.4810476,-5385.414114,-3550.56049,798.027799,592.7015871,882.4406734,724.3785938,751.3709546,682.444913,750.0788078,749.2636931,784.690315,826.929524,866.2095097,925.3572657,984.8712071,1076.203649,1161.468614,1284.211217,1634.138819,1667.351235,1739.735262,1746.156047,1763.540009,428.3556687,247.7356806,2365.538573,2417.640071,2561.982933,2686.684422
Samoa,WSM,249.5124494,257.8521129,-325.1574572,-3024.235699,-1685.842347,202.927434,58.86620653,216.8543716,188.2198345,196.1466254,179.6926499,208.502947,210.8107854,229.5548034,236.4982644,251.7481718,257.4964313,269.3440648,271.812086,279.555234,283.5692806,305.0569374,290.5004915,292.4281244,293.0263608,301.3636311,30.4985867,-20.27895229,378.3298095,399.4361615,419.6672337,430.8954471
San Marino,SMR,455.2817919,470.8812572,-274.1790538,-4863.578623,-2705.995502,397.1186595,202.8714746,403.4300685,352.072894,358.3861647,339.6812978,346.5836785,353.3182801,382.3284309,393.6716631,405.3631017,416.2101132,433.0038042,457.0435764,464.4946526,642.7812828,865.0776441,801.1728005,790.2126415,732.980315,769.8282849,-105.3052902,-171.1223925,383.732468,390.6345989,413.9101294,404.49995
Sao Tome and Principe,STP,217.538256,208.5013047,-349.9903747,-3739.828559,-2045.910609,144.1714095,2.802994923,132.6608444,94.84201292,102.8994162,96.89139809,99.21695794,104.5484045,115.1391524,123.8060611,127.8133159,150.100135,151.6406893,168.7151495,175.5015153,182.9423941,195.795419,191.5554077,199.7139935,180.5388082,199.0836309,-104.8650073,-151.1030478,200.601428,205.6492424,218.8203939,214.6736205
Saudi Arabia,SAU,112567.5825,162851.6824,172750.1421,177378.4959,168011.9187,145279.5109,160943.9792,136246.1509,135480.4536,143670.8566,194108.7016,188259.4578,204330.0695,245134.5322,297902.506,305922.2253,356077.0039,342634.9482,385053.5194,410626.3082,446869.3954,437414.8225,497577.0427,497189.5666,527842.807,547204.9781,612341.7107,572072.2714,621458.5361,630515.547,651486.608,661156.3315
Senegal,SEN,4048.307476,4207.497705,3503.820442,173.7239104,2177.502865,4072.743458,4120.72933,3839.914522,3989.145687,4229.632039,4417.518668,4767.546637,5028.529331,5611.635392,5957.391972,6572.723277,5725.515072,6371.899409,6577.33786,5703.377952,8534.322639,9140.887168,8718.203335,9385.715662,9772.472023,9856.287849,9209.137792,9533.242445,10875.98677,10950.23577,10959.23794,10910.57634
Serbia,SRB,62119.89571,40759.94378,45680.28265,-8291.520221,22479.43727,41407.61576,46778.47577,50948.21268,53719.20087,36907.04398,40970.46856,44118.61224,44493.20303,50019.25805,54923.1773,52004.22164,55771.03224,54201.88146,54038.04654,47866.12714,51004.23856,57009.57495,51000.05486,51945.0607,43683.45203,54530.68095,37749.54804,36130.69018,48584.24418,48597.0585,49674.22825,49930.84954
Seychelles,SYC,466.0367052,475.01472,-170.4766053,-3203.920331,-1502.617326,463.9563747,340.4155202,603.658882,665.2808999,736.6583879,753.0894334,890.9021681,789.2642323,802.074573,928.6197104,945.4608291,995.4224734,938.2774052,979.8089834,838.1499491,774.3143356,710.2149281,779.0876865,795.5381538,854.8374258,790.9913028,335.9573004,292.7208601,683.6257091,671.7687393,696.8023018,655.5896475
Sierra Leone,SLE,719.3981605,787.2189251,-11.23939974,-3655.082487,-1986.03373,582.8996574,492.6555646,581.6771694,501.1821897,475.9525068,512.7697015,674.8122586,731.9482272,805.0243906,783.33186,720.8178299,896.2511736,834.0592873,883.1719321,896.6881427,1016.08058,1382.32541,1490.979677,1725.137287,1776.458878,1609.46383,814.8113483,779.6523928,1812.522978,1821.05098,1898.335976,1931.522304
Singapore,SGP,37001.8134,40505.35109,41736.36042,35965.74212,49805.62526,61097.71567,75122.83179,71767.86196,67588.53277,69539.62473,82182.21154,77278.83938,76952.11124,78134.19524,87949.92421,96606.65133,108548.2214,111573.2055,128325.0691,119005.3376,134399.4962,141249.2099,142488.8854,152175.1007,152308.0985,154182.4644,95951.44933,101900.3098,98340.39401,96472.76507,99349.59697,99021.93175
Slovakia,SVK,108099.8471,80989.63384,54818.38831,39396.4909,39217.75229,43421.93001,47550.08006,45344.39687,48858.78668,46170.29425,43767.12349,46925.03715,46688.94805,48156.62694,49578.4208,50735.00682,53329.41848,54162.70195,54667.43709,49104.55803,51725.82962,52058.60426,50347.93636,48519.41879,46101.17055,47046.74837,34132.4274,34333.2022,42368.53045,40289.1966,41848.15094,40448.90015
Slovenia,SVN,17005.32949,14557.5101,12696.15856,8045.30091,11327.14056,15631.79028,15750.46226,15878.51959,16176.20294,15740.41122,15429.72077,16026.04474,16241.44187,16856.4774,17643.64411,17940.29251,18550.75,19454.32123,20157.76268,17546.70557,17871.96243,17855.58246,16962.79561,16326.24016,15068.21147,15327.17251,11127.76193,10975.97652,14944.70356,14712.29461,15644.71851,15176.66855
Somalia,SOM,1076.430985,921.8675557,125.625475,-3650.820209,-1615.846722,699.6846558,486.7345885,721.5370916,611.8412605,591.2108176,575.4414117,596.4566657,673.2504728,687.2220268,701.1001489,713.4753902,714.6692687,726.2091941,721.0026784,708.598219,689.0742409,701.3460772,698.4269241,712.0951653,685.2905547,705.7421129,640.620984,680.8606124,658.5243832,685.0763326,690.8162782,696.680852
South Africa,ZAF,262659.0564,267966.6989,242157.9451,244012.2799,273074.8049,295987.9343,294578.7462,306915.3546,302672.5373,299020.6926,298945.4468,290308.4888,298506.395,322402.4298,345726.5439,345372.5807,355284.4325,374134.6107,363875.3656,353689.679,368966.2579,381360.837,368275.7892,369797.3328,369482.4305,364807.5678,360460.8303,345161.2632,348646.965,352222.621,355175.1651,347401.0861
South Sudan,SSD,47.4373892,45.02634729,-114.0102177,-887.2281543,-489.6282525,24.77413766,-16.19093072,20.8197543,18.82241294,18.84988642,17.45242634,19.42666392,19.07327436,18.51250306,18.14077072,24.05152027,20.18071089,19.46679464,77.88905715,78.52411694,83.41426304,89.85460162,80.16153025,82.58958276,67.09277135,64.04796086,-38.39956391,74.45525641,126.8178032,62.1382876,63.59027301,63.31455496
Spain,ESP,279105.5021,294130.1701,294985.7543,252967.2622,273599.4891,309369.086,307202.0385,317454.8563,340643.154,369883.9059,389906.9267,392493.2858,410990.1499,430985.6467,456978.3991,475906.7727,478463.9188,495176.0749,470433.6942,401920.8377,398828.3575,386720.4925,369996.236,341442.8734,340702.7164,352367.9194,286042.4536,302275.3606,338894.0382,332312.8984,357109.1536,343550.1322
Sri Lanka,LKA,5231.66913,5812.754622,5951.57235,2943.861743,5282.578373,7838.8054,8601.825149,9055.324909,9159.465447,9678.20478,11176.97344,10927.87253,11379.58932,11746.28595,13102.64562,13297.27155,14362.8107,14982.39838,16459.97658,16828.67031,17766.40506,21198.90993,22297.20508,21757.02256,24430.2753,28103.16232,38304.36164,39513.60664,43815.92338,47113.50879,50717.27129,54351.27037
Sudan,SDN,47.91643109,44.74178896,-114.4658468,-912.7298166,-507.9803942,24.36548306,-16.46572628,20.32670386,17.85971402,17.91202456,16.15646118,18.90801702,18.64076732,18.24529679,17.65946519,17.6730681,17.91987107,17.25353112,78.54595157,84.24932959,81.45891149,91.57365116,77.39832196,76.71440459,68.83339638,65.16091043,-7222.550292,-6719.231472,1622.108848,1534.667773,1658.347419,1772.259511
Suriname,SUR,2382.322023,2512.669113,1623.093202,-3222.085415,-361.4845662,1920.690099,1848.851621,2017.247666,1860.779619,1779.808931,1777.506912,1972.598652,1392.067654,1506.729567,1616.809346,1710.682249,1739.986092,1780.086435,2007.127202,2092.554785,2456.30411,2337.186605,2541.157359,2311.035109,2321.644106,2555.345443,1777.448791,1662.822838,2205.148707,2270.704037,2364.275872,2386.835339
Swaziland,SWZ,1771.764426,1939.714019,1490.490346,-1317.679295,457.087329,2663.437875,2494.582969,3393.545099,3360.908449,3274.943859,3204.616709,3383.707699,3272.846094,3846.727264,3893.100567,3820.711519,3772.090602,3858.875386,3807.789296,4125.326006,4048.939354,4044.989212,4059.966031,3835.768461,3875.20117,3820.457989,2560.206344,2432.939817,3078.333494,3051.13775,3060.333006,3027.141186
Sweden,SWE,82654.84147,81879.43256,78846.71774,61575.50595,72733.24766,82938.04776,88289.55143,83022.48244,86013.88729,84528.73014,86640.1697,82880.19859,83282.8709,87150.97531,88295.38764,87978.5324,91213.35252,93258.12868,91822.29274,79180.96426,90281.26284,89884.5589,88193.81263,86907.35196,83330.5047,82515.57526,83851.10091,85782.80143,91716.15031,87890.66879,93483.15489,89159.34029
Switzerland,CHE,113014.2639,87952.1559,82650.99482,69774.98955,77536.47631,87632.77075,85675.26045,80852.75286,81876.53944,81939.26892,83204.6047,87589.76854,84888.221,89041.70347,94157.06759,96576.76173,100410.5046,101447.5973,104016.3299,96545.74154,103164.9507,102260.2897,102648.6675,104662.0217,99536.57074,99399.68718,83310.31351,84619.36271,88091.73228,85032.93031,90055.71872,86452.14983
Syria,SYR,38555.65652,42237.07552,39166.0872,37140.90482,39801.82639,36506.44723,37151.73735,33829.99649,40111.00613,42094.67602,40544.14979,40052.83471,32609.07946,42113.06335,41395.50329,39661.79013,43417.15353,55346.84253,57708.37059,54352.13887,54674.32675,52298.57643,40267.92036,32275.92505,28900.23861,42139.65958,40792.56284,40274.13537,39072.35453,37746.35192,37307.63998,37414.37084
Taiwan,TWN,152831.8592,158593.1753,153963.4734,142573.8663,152984.8221,163958.7054,168959.895,170877.9044,178365.9209,177258.9632,153090.5899,183755.0866,185751.2043,184795.0407,175423.6576,171154.0376,169189.3363,169140.9239,157017.3376,152552.459,160821.9393,156876.9206,151734.8391,151393.9287,153110.305,151287.858,170699.633,170901.2878,162830.6099,154100.2406,152806.3481,152695.0155
Tajikistan,TJK,15821.90902,16159.08062,11789.91065,5364.525453,3781.433246,5022.589885,3097.00976,3250.247496,2637.561473,2726.740224,2307.627811,2569.247865,2484.456218,2727.453026,3323.73548,2896.432922,3965.802409,3425.238861,3625.046474,3110.758515,3421.995616,4033.729731,4490.899757,5086.078555,5751.975389,5554.693615,4090.925611,3640.311735,6064.949551,6286.947825,6457.482254,6460.243515
Thailand,THA,85215.07875,92498.41412,99116.76892,97270.53257,123991.5157,153969.9891,167222.7229,156941.1421,129038.6578,140202.3545,143524.6015,153804.4356,165196.7605,178833.7074,195330.4046,189514.7444,207904.4169,213835.8838,221602.3815,220354.3285,246195.0983,248701.9557,261267.1911,269505.7821,271159.5035,280611.632,229084.2267,233263.2084,250140.2859,240176.8734,251338.158,249255.6005
TFYR Macedonia,MKD,9690.490145,8496.6834,7037.88098,2703.09972,5187.000124,8791.635876,8078.503422,8201.814598,9357.276337,9055.094239,8937.079451,8672.296806,8991.080445,8621.479172,8680.624163,9249.094055,8705.524312,9478.523817,9830.86208,9549.33819,9587.599686,9906.193339,9851.47993,9162.496283,8712.865515,8576.492517,6376.221199,6415.481881,7737.684095,7703.106975,7763.42761,7721.290137
Togo,TGO,1152.683411,1145.651222,520.7093155,-2810.646264,-902.925399,1487.429514,1609.418911,1423.786444,1548.260898,2066.695205,1645.313499,1611.327451,1778.164347,2288.38258,2253.956084,2315.266043,2177.208787,2009.949731,2163.646434,3314.545247,3158.630589,3087.621298,2839.345394,2970.007921,3118.930667,3822.054634,3348.070544,3355.654036,4072.885025,4235.452829,4387.311323,4564.851222
Trinidad and Tobago,TTO,16601.13485,15914.8049,15197.24001,10659.30301,11469.39619,12835.65975,13889.76113,13325.95834,12609.37025,14833.28121,13208.22762,16952.09821,17630.7425,19910.08134,21009.32701,24548.85105,25263.4902,26956.07787,27660.76936,26984.80063,24639.65843,23309.73699,24373.9404,27124.62077,28607.16469,29791.18682,38672.58783,37758.98073,36945.2218,37157.17591,38371.96459,38490.4461
Tunisia,TUN,14652.66819,16301.36742,15737.55873,13476.00084,15057.96003,17596.34359,18275.46158,18218.33265,19147.23382,19695.02817,20955.56589,21889.81609,21636.21422,22174.85428,23357.50292,23562.88183,24023.44935,25463.31938,26840.80515,25723.54482,28613.79867,27566.13014,28221.59924,28326.029,28816.83736,26436.72547,21642.0818,22036.20607,22497.52451,22028.40708,22751.95435,22517.60666
Turkey,TUR,167677.4385,174884.0795,178693.2914,167307.6662,166624.8373,200049.6403,220965.4042,236013.4261,242305.4739,232687.818,260192.6662,230846.8847,242436.0585,264070.5328,282441.9871,304061.6665,330836.8351,365028.5337,366536.3699,352780.7584,370588.7977,407293.4799,414718.1602,410280.5332,417609.4255,438337.5823,373522.3018,387100.7465,381744.5158,386972.0376,404825.9107,400710.884
Turkmenistan,TKM,23046.9966,23394.8497,17351.7995,8586.055153,15624.35026,20681.63288,18507.9534,18568.18063,20998.37153,27111.47026,27313.1125,28869.04064,29398.02615,33356.08187,33591.17773,34738.66663,34149.6438,36766.33866,37826.49717,37916.455,40415.12984,42934.96811,45128.53682,47537.65865,46433.7428,51949.99105,63915.06562,62039.7958,61756.11671,54496.36252,57727.48144,60069.48254
Former USSR,SUN,296.3356961,44.93093538,-114.0551103,-887.2511546,-489.6893867,24.71873465,-16.24441018,20.78582869,18.79910322,18.83713519,17.45184327,19.40920344,19.05507602,18.46948647,18.03987309,17.9785238,18.02032625,17.68045468,17.2219285,17.99936441,18.59263555,21.1020341,24.4320915,27.95166049,20.46462105,20.98208113,-63.08352983,-77.07593401,10.70489014,9.247021432,9.51834346,9.400984697
Uganda,UGA,1524.182438,1563.356905,791.9739823,-2711.638796,-791.8944887,2012.86505,2136.132566,2231.167373,2425.302781,2458.627371,2591.625368,2766.548882,2835.404558,3022.609248,3386.888415,4001.608341,4749.89385,5333.719116,5987.518776,6222.210816,6994.623567,7509.004089,7402.803506,8129.957477,8582.340489,8614.864983,8612.530582,8964.88933,10501.532,10731.82705,11219.1659,11690.34887
Ukraine,UKR,739409.8231,626029.1858,448631.2541,338836.6922,298957.6263,335526.503,292841.8319,274977.7978,254339.9681,230024.1907,220612.5919,235004.9844,227897.8406,232729.0158,243412.4259,251146.7115,271977.1219,290979.5835,266339.3951,232476.041,250779.0518,266982.4818,268032.2133,256836.8593,225770.5429,207278.9878,149363.3043,132662.2694,176849.9736,176920.4531,181495.3885,177680.0187
UAE,ARE,38902.55627,45781.31796,50087.5189,55507.4958,65848.51473,67905.38398,64926.42297,68084.62741,81527.67868,83386.03264,107911.2853,96898.04885,90673.16514,114897.3498,131687.8286,141591.4928,151487.1821,170999.8581,193990.3564,193840.1207,186207.7279,191910.1303,197045.5633,195645.6134,219533.9857,228523.8814,159256.6743,158006.3393,168078.893,167632.0362,173924.0893,175080.8371
UK,GBR,688663.7499,692114.6512,661567.5878,588999.0363,630098.0987,671851.8999,705659.4871,722616.7297,733128.3246,734275.7322,745578.5743,747971.4684,740141.7843,767455.4371,799266.8923,812146.8754,841048.4105,844349.8934,812988.5759,708643.0734,745628.7837,705974.6511,722549.229,708944.4438,654325.8418,642725.6386,551445.2513,541883.7314,550582.8631,533205.4246,557909.9671,538122.8475
Tanzania,TZA,3738.927839,4050.377832,3305.927526,-433.3094426,1554.924862,5278.377222,4987.239837,4619.973298,4412.751754,4334.297162,4327.203133,4974.74908,5352.251266,5926.579506,6802.184368,8101.974798,9099.247799,9486.887845,10167.26543,9899.696555,11347.26713,12749.46342,12384.48339,14079.63921,14559.94464,14427.44177,16391.67266,17181.70327,18579.69148,18834.93131,19496.47476,20044.14955
USA,USA,5293723.687,5242293.81,5326971.571,5329581.342,5558952.172,5709398.792,5940367.243,6111820.007,6478881.87,6610660.201,6852024.168,6802136.838,6861779.717,6955843.648,7190336.581,7315375.056,7342734.141,7356171.798,7076023.358,6352476.588,6660567.606,6553206.442,6372869.384,6464785.06,6409336.358,6221179.659,6145074.196,6165276.396,6208794.503,5928666.929,6102795.225,5857621.178
Uruguay,URY,5559.577237,6261.533368,5187.289928,-4423.352226,4.96634349,6467.291967,6945.263918,8623.012532,8185.384738,9034.139416,7717.073251,7154.750812,6432.740587,6437.603016,8034.981441,8411.24795,9718.782057,9344.028309,12098.38514,11151.55878,10391.83501,12184.45607,13337.64098,12398.30555,11465.20658,12842.61654,10031.08473,10067.87401,11066.6182,10582.66021,10913.13624,10912.70108
Uzbekistan,UZB,132290.1205,114861.2117,487874.2316,2743331.898,1174808.226,93755.0831,250006.9903,94153.5526,94378.31926,99861.79931,99721.93736,94575.08969,97352.22714,93677.5203,91086.09073,88723.36314,94030.07648,93553.70832,100903.0956,100498.9672,95801.07344,97526.89491,98729.641,91154.10341,90695.47298,89462.73985,88972.23195,85263.75769,83822.77713,82311.44196,80096.41718,77235.34465
Vanuatu,VUT,270.1079933,253.0975374,-341.8376218,-3254.11415,-1847.870451,178.2603962,39.97860564,189.1326254,148.0045555,155.3924358,125.2924121,160.5129019,159.0483344,169.735423,160.8748965,172.1074738,172.1766872,214.8586686,236.0148413,259.0120043,269.7949786,292.3694503,263.2573513,260.9978331,286.6766399,289.8681363,-80.72950125,-134.4672785,302.4028678,320.6118771,335.9601947,348.2861179
Venezuela,VEN,104280.5832,103000.8606,94639.28618,92392.07179,100619.5767,115620.3531,104141.2193,119110.2621,144181.0209,147384.9622,134327.0928,152866.0838,161008.787,149441.3573,125088.8062,137660.4589,146304.8101,145296.9767,160793.5155,165762.053,171280.9023,153587.1474,173482.588,167073.7793,166095.3733,162144.8608,196599.7656,202797.1574,162302.5965,118767.0371,93219.58978,66413.22494
Viet Nam,VNM,17522.30022,17840.04796,16996.06413,10345.31844,19749.19626,29599.94136,33863.30075,41606.63787,44855.99628,45396.72049,51116.88603,57413.12761,66186.54545,75885.22541,86745.66383,93688.69086,100960.3304,108085.1899,124211.4432,133120.0763,149569.0183,159043.2021,157717.882,168570.1814,170535.5813,194196.0641,147968.7308,147108.5021,166176.8813,171702.3118,179674.0105,185849.9935
Yemen,YEM,12941.78896,14949.14298,15038.89309,3767.628656,9470.884649,12108.61439,11327.99048,13871.83006,13067.59559,14754.81888,15378.88274,16461.36338,15408.56229,16742.07617,17215.11085,17903.93841,19320.80962,19902.54748,20411.39314,23058.66116,21316.86765,20688.03033,22801.71677,30060.46433,27631.97756,25589.52408,28317.65832,27859.77794,30477.01003,31174.33946,32611.30211,34201.52902
Zambia,ZMB,3777.051871,3663.438021,3230.421775,-303.5479726,1376.616562,3475.058147,3104.274523,3813.991229,3632.577785,3291.864603,2990.25906,3206.693707,3261.23582,3587.297872,4102.758056,4337.768145,5101.883473,4693.448419,5291.877816,5178.712401,5421.902431,5742.908979,6285.625288,6785.625713,7064.991199,7154.809631,10656.76298,10461.68241,11352.29922,11744.15494,12170.89109,12357.896
Zimbabwe,ZWE,15239.41874,15777.60992,15416.96627,10775.03571,13967.17945,16273.57503,17369.10233,18410.98554,17204.01913,21424.03184,19217.23005,17496.49297,15850.03692,13494.37836,10976.95264,10765.01384,9087.20902,8155.669007,6155.040459,5153.11472,7185.792217,1979.793383,2134.032888,2209.484153,2175.48057,2188.044499,15095.38922,15468.6575,15751.23914,14495.05094,14855.12706,14634.13171
Rest of World,ROW,1.5165E-09,2.76684E-10,9.70802E-10,8.28027E-11,6.90226E-11,1.80212E-10,3.21192E-10,94351.25403,2.16733E-10,1.30268E-10,3.61076E-11,2.03098E-10,1.46289E-10,2.64774E-10,2.09202E-10,2.39452E-10,4.74535E-10,4.63619E-10,6.06119E-10,4.54063E-10,8.526E-10,7.82303E-10,8.83098E-10,7.7752E-10,6.41703E-10,9.62642E-10,146320.3427,203729.4044,1196910.559,2140803.607,1876321.044,3153302.444
