startDate,country,iso3c,group15C,type,cumReparationsAR6,cumReparationsAR6lwr,cumReparationsAR6upr,share,cumPop,cumRepPerCap,cumRepPerCapLwr,cumRepPerCapUpr,overshoot15C
1960,United States,USA,USA,Overemitters,-80141186479242.05,-58786912510601.63,-124707329092966.6,41.813382641967266,11075987264,-7235.579508087998,-5307.600226453424,-11259.251759732486,4.410479788905465
1960,Russian Federation,RUS,Rest of global North,Overemitters,-18738944891646.906,-13745799909907.332,-29159585353317.285,9.77697869826422,4375612620,-4282.587724058376,-3141.4572320863567,-6664.114921882021,2.6507940067722977
1960,Japan,JPN,Rest of global North,Overemitters,-12601374066827.654,-9243634981269.469,-19608939820007.437,6.574722671560466,3621431035,-3479.6670004314064,-2552.4812959110977,-5414.693702708448,2.3173467933616836
1960,Germany,DEU,EU and UK,Overemitters,-11800668604174.756,-8656284031680.908,-18362965758175.26,6.156957407976668,2554752766,-4619.103954489957,-3388.305963255353,-7187.766269425095,2.8118715365803584
1960,United Kingdom,GBR,EU and UK,Overemitters,-7716195495332.323,-5660152156797.59,-12007136071429.613,4.0258979054437125,2212025720,-3488.2937506406224,-2558.8093780381496,-5428.117748752765,2.5171641242880334
1960,Canada,CAN,Rest of global North,Overemitters,-6591492109128.762,-4835135177765.817,-10256990341411.117,3.439087862916743,1302962203,-5058.851357278214,-3710.879077407756,-7872.055166139856,3.5095643489253168
1960,France,FRA,EU and UK,Overemitters,-4749820793224.154,-3484192232225.4297,-7391174136742.357,2.4782023205920023,2075064524,-2288.999083299905,-1679.076574211352,-3561.900871638803,1.9775054359514013
1960,Ukraine,UKR,Global South overshoot,Overemitters,-4325032708530.8784,-3172592403629.458,-6730163365628.6,2.256570628981984,1223162532,-3535.942767523293,-2593.761925033735,-5502.2641632294535,2.187346624199765
1960,Australia,AUS,Rest of global North,Overemitters,-4019963946099.1143,-2948811705655.404,-6255447277385.806,2.097402073385733,908797170,-4423.389595391362,-3244.741294314774,-6883.216061715735,3.3380118413001707
1960,Italy,ITA,EU and UK,Overemitters,-3674662635939.2324,-2695518751034.3374,-5718125507967.099,1.9172423272828039,1795746549,-2046.3147419024958,-1501.0574585458037,-3184.260892023632,1.7971333874868742
1960,Poland,POL,EU and UK,Overemitters,-3618147455001.702,-2654062501841.471,-5630182496669.771,1.8877557300731023,1114891035,-3245.2924468997116,-2380.5577572354155,-5049.984545502934,2.239070040280337
1960,Saudi Arabia,SAU,Global South overshoot,Overemitters,-2811969285240.5415,-2062697092670.9712,-4375692380654.193,1.4671351007721438,1257736343,-2235.7382776531103,-1640.0075454216012,-3479.0219786582034,2.4136195391727484
1960,"Korea, Rep.",KOR,Global South overshoot,Overemitters,-2690355159547.04,-1973488044473.9,-4186449202938.809,1.40368335772105,1552309548,-1733.1305879122506,-1271.323781404648,-2696.916480564487,1.7499176230237472
1960,Kazakhstan,KAZ,Global South overshoot,Overemitters,-2616295492538.7095,-1919162180879.271,-4071205298126.9478,1.3650429865087006,666176916,-3927.3283563291607,-2880.8596257022978,-6111.297465202093,2.8808906703889954
1960,"Hong Kong SAR, China",HKG,Global South overshoot,Overemitters,-2283204092332.2974,-1674825705937.7617,-3552883313034.584,1.191253718050754,247455337,-9226.732064106976,-6768.193914272949,-14357.675029795717,5.4475897818329635
1960,Netherlands,NLD,EU and UK,Overemitters,-1854068799679.3635,-1360037018463.8894,-2885107871749.6255,0.9673538859523432,538409655,-3443.602436288709,-2526.026429566701,-5358.5738014850895,2.460382635330935
1960,Spain,ESP,EU and UK,Overemitters,-1852119877419.2249,-1358607402464.5505,-2882075162847.3853,0.9663370426064598,1413335213,-1310.4604345686992,-961.2775440447124,-2039.2014126144788,1.5509366691827016
1960,Czech Republic,CZE,EU and UK,Overemitters,-1745288891344.1616,-1280242405541.9912,-2715835960221.6562,0.9105983507425413,330789185,-5276.136495648011,-3870.2668152285305,-8210.171563564438,3.076151174398355
1960,South Africa,ZAF,Global South overshoot,Overemitters,-1568005653780.1602,-1150197735202.9687,-2439966335365.4414,0.8181014440466264,2118145252,-740.2729592314853,-543.0211804959675,-1151.9353231614173,1.407867999825736
1960,Belgium,BEL,EU and UK,Overemitters,-1383028865303.8762,-1014509523456.0167,-2152124811568.598,0.7215904541769608,371497426,-3722.849119562611,-2730.865552365945,-5793.108271949636,2.5836225599700233
1960,United Arab Emirates,ARE,Global South overshoot,Overemitters,-1206083000497.6316,-884712330146.7839,-1876780170898.129,0.6292695705327723,325624147,-3703.9114316593714,-2716.9739661438066,-5763.639423516491,3.6529770577196783
1960,Switzerland,CHE,Rest of global North,Overemitters,-945341235329.6917,-693447338821.0343,-1471041117789.6304,0.49322847011141807,289260568,-3268.1303292251423,-2397.310299207579,-5085.522468412046,2.519734220693371
1960,Kuwait,KWT,Global South overshoot,Overemitters,-910060330425.9899,-667567319308.1464,-1416140665078.4238,0.4748207818614388,152488547,-5968.056934964367,-4377.819399827755,-9286.86575443875,4.893498169684788
1960,Greece,GRC,EU and UK,Overemitters,-864889828584.2811,-634432866768.9852,-1345851056377.3162,0.4512532311348687,301271179,-2870.8017522787372,-2105.8531681485047,-4467.2413101198645,2.0803039901149165
1960,Austria,AUT,EU and UK,Overemitters,-858477557940.433,-629729198032.6628,-1335872951727.934,0.4479076514421533,283963674,-3023.1949947951193,-2217.639985995754,-4704.379728964677,2.27428238491046
1960,Sweden,SWE,EU and UK,Overemitters,-846500161325.3978,-620943276612.6545,-1317234980330.6042,0.4416584868150637,334747560,-2528.7717147972576,-1854.9598288712084,-3935.009952964569,2.1152682893383496
1960,Singapore,SGP,Global South overshoot,Overemitters,-747070346108.8696,-548007348098.62726,-1162512705398.0745,0.38978132985850106,194988792,-3831.350194265882,-2810.4556291554813,-5961.946291754422,3.1202502879746588
1960,Denmark,DNK,EU and UK,Overemitters,-711641535565.927,-522018833612.6069,-1107382097406.6953,0.371296472360596,187784954,-3789.6621662560196,-2779.875716840482,-5897.075744453388,2.5997501625211066
1960,Finland,FIN,EU and UK,Overemitters,-673205994130.1921,-493824756248.08716,-1047572729399.2218,0.3512428635770544,172095061,-3911.8263488700127,-2869.4882547970806,-6087.174863195068,2.604558096314337
1960,Norway,NOR,Rest of global North,Overemitters,-662215908172.0614,-485763068493.16516,-1030471107542.2057,0.3455088248184136,187712240,-3527.8248673185158,-2587.8071056696417,-5489.631936320219,2.6626490061873818
1960,Romania,ROU,EU and UK,Overemitters,-622252454269.9366,-456448203423.45245,-968284162022.5667,0.32465803307056523,551403096,-1128.4892282685635,-827.7940525445516,-1756.0368613210808,1.38119755492712
1960,Qatar,QAT,Global South overshoot,Overemitters,-622210771815.2101,-456417627599.37384,-968219300147.8258,0.32463628539617323,106863009,-5822.508439896261,-4271.053490542961,-9060.3784153956,5.609038383029865
1960,"Iran, Islamic Rep.",IRN,Global South overshoot,Overemitters,-581359948899.5322,-426451840240.435,-904651523816.1956,0.3033225119813647,2947207116,-197.25792114962178,-144.69693627070998,-306.9521374676932,1.1076829493012124
1960,Slovak Republic,SVK,EU and UK,Overemitters,-541349078709.8333,-397102193340.40924,-842390794031.0786,0.2824469809519695,163846726,-3303.996923990006,-2423.6199467324677,-5141.334310403484,2.3001383149667487
1960,Bulgaria,BGR,EU and UK,Overemitters,-458205504418.716,-336112903782.8279,-713011463170.1171,0.23906711301158412,190693025,-2402.8435461586287,-1762.5862497216553,-3739.0537130034886,1.7543253524194857
1960,Hungary,HUN,EU and UK,Overemitters,-410701958788.53534,-301267066035.8645,-639091415835.6528,0.21428230488050687,282288267,-1454.9026892022237,-1067.2319796977765,-2263.9673360411143,1.5144420984154883
1960,Israel,ISR,Rest of global North,Overemitters,-378179340401.73987,-277410365059.57623,-588483119997.9365,0.19731374293542023,330670087,-1143.6756914807956,-838.933958545746,-1779.668446386977,1.6815429792177772
1960,Ireland,IRL,EU and UK,Overemitters,-345946100856.0567,-253765935567.6801,-538325125234.56836,0.1804961633845742,165987655,-2084.1676500343156,-1528.8241500109157,-3243.1636270454474,2.011278960531682
1960,New Zealand,NZL,Rest of global North,Overemitters,-283929916181.3125,-208274470031.91827,-441822027500.58704,0.1481394367909188,163626702,-1735.2297192991919,-1272.8635820815987,-2700.182929193226,1.8501369399705045
1960,Lithuania,LTU,EU and UK,Overemitters,-218032380127.84644,-159935870906.70148,-339279176863.3083,0.11375762874418983,74191150,-2938.7922970306627,-2155.7270767025648,-4573.041081898694,1.9036869763925122
1960,"Venezuela, RB",VEN,Global South overshoot,Overemitters,-205435290901.59082,-150695379035.22232,-319676904663.869,0.10718514167315227,1058029920,-194.16775179816352,-142.43016779262945,-302.14353925252794,1.1036216012193056
1960,Luxembourg,LUX,EU and UK,Overemitters,-201302252810.6019,-147663622714.50845,-313245503233.3421,0.10502874356171292,22168190,-9080.680597315428,-6661.059054190191,-14130.405018783315,5.822601897333083
1960,Portugal,PRT,EU and UK,Overemitters,-189742866698.73822,-139184329483.5503,-295257996043.9117,0.0989976744468728,300977103,-630.4229285466217,-462.44158806841295,-980.9981992015908,1.239844068383398
1960,Turkmenistan,TKM,Global South overshoot,Overemitters,-167780311486.71936,-123073876563.15799,-261082165601.7569,0.08753878838317147,219172718,-765.5164065023794,-561.5383049780767,-1191.2165345403841,1.4298430066487315
1960,Bahrain,BHR,Global South overshoot,Overemitters,-164806708229.5652,-120892614191.09613,-256454955346.04282,0.08598732132510647,64450577,-2557.1021378065425,-1875.7413791826275,-3979.0947929921995,2.82311347524437
1960,Serbia,SRB,Global South overshoot,Overemitters,-158652436338.00677,-116378198331.41568,-246878321360.13397,0.08277635157547483,246458265,-643.7294214418282,-472.20245720473474,-1001.704371164562,1.2287302657269707
1960,Libya,LBY,Global South overshoot,Overemitters,-134386003817.86612,-98577755036.56343,-209117438109.60602,0.0701154256159754,242758325,-553.5793831905296,-406.07363325877054,-861.4223141867782,1.3054051850280717
1960,Slovenia,SVN,EU and UK,Overemitters,-121026239519.30428,-88777809097.58934,-188328370762.6089,0.06314501550397948,62781753,-1927.7295350339177,-1414.0702490035494,-2999.7310008627646,1.7715545028887805
1960,Oman,OMN,Global South overshoot,Overemitters,-94561064345.46663,-69364496094.97836,-147146034252.5094,0.0493369032854638,190298429,-496.9093273253802,-364.50377682822784,-773.2383027319128,1.346336493795585
1960,Latvia,LVA,EU and UK,Overemitters,-93917715778.93703,-68892573010.78255,-146144922527.9098,0.049001238429897544,51464892,-1824.8890093646176,-1338.6324217057047,-2839.7013351919554,1.5485652147496192
1960,"Korea, Dem. People’s Rep.",PRK,Global South overshoot,Overemitters,-74549643344.24022,-54685281732.25336,-116006354718.76256,0.038896014645132634,824205980,-90.45025776716668,-66.34904751874447,-140.74922717590883,1.0418572371449848
1960,Azerbaijan,AZE,Global South overshoot,Overemitters,-58825156555.68677,-43150712932.82291,-91537553657.69937,0.030691818877346663,335405455,-175.385211178771,-128.6523885928537,-272.9161147891866,1.0869465743033426
1960,Cyprus,CYP,EU and UK,Overemitters,-57020022508.36678,-41826571602.107834,-88728592927.44664,0.02974999652661089,40131424,-1420.8322761825443,-1042.2399066155199,-2210.9505241440384,1.7140297948388103
1960,Croatia,HRV,EU and UK,Overemitters,-54636640378.48872,-40078261115.280136,-85019823034.17851,0.028506475269230565,116188308,-470.2421553336393,-344.94229071035386,-731.7416399090562,1.1600388695974906
1960,Iceland,ISL,Rest of global North,Overemitters,-46962922218.54289,-34449267860.77427,-73078785747.6029,0.024502739764372054,11279354,-4163.61807764371,-3054.188020056314,-6478.986806124083,2.9800793916003263
1960,"Bahamas, The",BHS,Global South overshoot,Overemitters,-43182958269.01469,-31676506191.570637,-67196801353.280754,0.022530556846473742,13507658,-3196.9241647230547,-2345.0775990605207,-4974.718885633672,2.6861610779941008
1960,Brunei Darussalam,BRN,Global South overshoot,Overemitters,-39254710161.52904,-28794971889.922756,-61084072667.564026,0.020481007189838377,14749426,-2661.439852746069,-1952.2774574361576,-4141.454227951924,2.460151402347888
1960,Bosnia and Herzegovina,BIH,Global South overshoot,Overemitters,-27007341440.419003,-19811014637.437317,-42025998926.39249,0.014090985564370188,93404987,-289.14239279771004,-212.09803966288564,-449.9331382209013,1.0937509100081537
1960,North Macedonia,MKD,Global South overshoot,Overemitters,-18101866092.104855,-13278475962.055145,-28168229984.087494,0.009444585071608383,61938755,-292.2542775053334,-214.3807372630455,-454.7755276012166,1.1150534341787683
1960,Malta,MLT,EU and UK,Overemitters,-11120695504.761553,-8157495320.646283,-17304862767.58813,0.005802183830979862,13689281,-812.3652005362117,-595.9038550414944,-1264.117725948363,1.350729452487118
1960,Barbados,BRB,Global South overshoot,Overemitters,-6939657007.014617,-5090528693.764982,-10798768126.427023,0.0036207416758606468,8877957,-781.6727437421264,-573.389654147343,-1216.3573360883618,1.3183382589553285
1960,Liechtenstein,LIE,Rest of global North,Overemitters,-5582685175.123807,-4095133094.257877,-8687190543.864967,0.0029127463873716473,1228811,-4543.160156544665,-3332.598010807095,-7069.590477188898,3.1322419905846326
1960,Andorra,AND,Rest of global North,Overemitters,-5495156272.570331,-4030926982.9858284,-8550987224.006333,0.0028670784898087893,2405229,-2284.6707205718585,-1675.9015390991162,-3555.1655264452297,2.1233815392505138
1960,San Marino,SMR,Global South overshoot,Overemitters,-5140474480.334184,-3770753052.385357,-7999068529.876029,0.002682024510120703,1060700,-4846.303837403774,-3554.966580923312,-7541.310954912821,3.278676174521667
1960,Antigua and Barbuda,ATG,Global South overshoot,Overemitters,-4154443084.2870374,-3047457778.648124,-6464709641.45729,0.0021675660915322584,3294160,-1261.1540071784725,-925.1092171139605,-1962.4759093235573,1.6169346536406577
1960,Seychelles,SYC,Global South overshoot,Overemitters,-3178167713.7287264,-2331318957.692034,-4945532059.115055,0.0016581978449858152,3194672,-994.8338088319322,-729.7522117112597,-1548.0562821832898,1.4759345958410106
1960,Montenegro,MNE,Global South overshoot,Overemitters,-1721496840.4428127,-1262789941.0074456,-2678813260.010952,8.981849317269277e-4,19057209,-90.33310388959961,-66.263110249116,-140.56692456964458,1.0355729702433976
1960,India,IND,India,Within fair shares,56900530438794.42,41738919170839.17,88542651871432.7,0.2968765195888972,47657268522,1193.9528261576188,875.8143398749606,1857.9044627905773,0.2359886141873199
1960,China,CHN,China,Within fair shares,15327039307998.795,11243024447601.104,23850334877416.93,0.07996828940382915,44856087015,341.6936324132194,250.64657208822973,531.707878786692,0.8146212683793564
1960,Indonesia,IDN,Rest of global South,Within fair shares,10469500911624.3,7679816847742.066,16291541877324.52,0.054624253385811894,9519285684,1099.8200137244983,806.7639844710502,1711.4248293553494,0.3008090399988094
1960,Nigeria,NGA,Sub-Sah. Africa,Within fair shares,9856912992641.271,7230457985209.695,15338296653898.988,0.05142809742861024,9243412630,1066.3716299594937,782.228195865978,1659.3759543004398,0.1384079300551827
1960,Pakistan,PAK,Rest of global South,Within fair shares,9567891165948.352,7018448385827.837,14888551128035.33,0.04992013619640143,8733309289,1095.5630734387873,803.6413407077993,1704.8006242934894,0.17243408589864093
1960,Bangladesh,BGD,Rest of global South,Within fair shares,7893786589714.296,5790422652989.946,12283484750854.383,0.04118555435353412,5651361542,1396.7937692623198,1024.6066562821131,2173.5443148638647,0.1030662569754914
1960,Brazil,BRA,Rest of global South,Within fair shares,6284933100731.079,4610261322040.219,9779955288323.082,0.03279141776720546,6971641525,901.4997512699965,661.2877764165046,1402.8195875035444,0.45939484667982883
1960,"Congo, Dem. Rep.",COD,Sub-Sah. Africa,Within fair shares,4785033743225.802,3510022403975.174,7445968845145.224,0.02496574553610448,4310528712,1110.0804710811544,814.2904591271341,1727.3910795250083,0.03756460411770934
1960,Philippines,PHL,Rest of global South,Within fair shares,4481905570613.357,3287665209806.5796,6974272499732.1045,0.023384184939383414,3996821972,1121.3673268440882,822.569839947472,1744.954503500739,0.22500122430595001
1960,Vietnam,VNM,Rest of global South,Within fair shares,4103780953444.2695,3010294986527.1733,6385874534303.038,0.02141133302657405,3263670181,1257.412889738404,922.3649509843573,1956.6543738026812,0.23304209157290107
1960,"Egypt, Arab Rep.",EGY,Rest of global South,Within fair shares,3376435410936.893,2476756606939.6387,5254055504430.501,0.017616433198173374,4055046566,832.6502189264608,610.7837645333809,1295.6831491119556,0.3936214088048269
1960,Tanzania,TZA,Sub-Sah. Africa,Within fair shares,3146907719714.51,2308388444507.3843,4896888527215.451,0.016418880528736083,2848681922,1104.6890477351476,810.3356245848302,1719.0015106275705,0.05970324730940949
1960,Myanmar,MMR,Rest of global South,Within fair shares,2871368714385.146,2106269058569.0305,4468123557227.667,0.014981265443562876,1841592960,1559.1766349851523,1143.7212806075402,2426.2275401116144,0.07756159035707386
1960,Kenya,KEN,Sub-Sah. Africa,Within fair shares,2539816777166.619,1863061844123.3784,3952197123360.469,0.0132514048530668,2259128692,1124.2461689591162,824.6815910580177,1749.4342563820924,0.09644645540182001
1960,Uganda,UGA,Sub-Sah. Africa,Within fair shares,2301970539653.117,1688591680029.8672,3582085694790.5547,0.012010450460448685,2080926501,1106.2238567997924,811.4614712333212,1721.3898199043383,0.048796046405558985
1960,Afghanistan,AFG,Rest of global South,Within fair shares,1858036463120.8477,1362947465561.7302,2891281934454.019,0.009694240004210913,1621718503,1145.7207028739485,840.4340599434662,1782.8506791440482,0.07950982312537114
1960,Thailand,THA,Rest of global South,Within fair shares,1800662174913.748,1320861025251.0115,2802002070313.615,0.009394891670101166,2144578411,839.634571381381,615.9070792077517,1306.551467617854,0.54347478445916
1960,Mozambique,MOZ,Sub-Sah. Africa,Within fair shares,1637641411723.3015,1201278476450.4573,2548326215771.04,0.00854433656238096,1466988354,1116.3288428691244,818.8739011969398,1737.1141419238834,0.07775964867088969
1960,Colombia,COL,Rest of global South,Within fair shares,1636850107698.1216,1200698021848.508,2547094871242.5156,0.008540207961415022,1676975689,976.0726517593074,715.9901182374911,1518.8621325580323,0.39663755940084594
1960,Angola,AGO,Sub-Sah. Africa,Within fair shares,1520738684137.3914,1115525435838.516,2366414422829.247,0.007934400686062807,1645929429,923.939178280159,677.74803474792,1437.7374759420788,0.17280650307010464
1960,Nepal,NPL,Rest of global South,Within fair shares,1507877390852.118,1106091139238.348,2346401023917.276,0.007867297339951628,1042234873,1446.7731121985955,1061.2685949132963,2251.3169389192717,0.07199774119911435
1960,Morocco,MAR,Rest of global South,Within fair shares,1484053328589.9077,1088615193031.6063,2309328510976.201,0.007742996131644228,1307719467,1134.8407407243312,832.453152608461,1765.920420435403,0.27490551950533115
1960,Ghana,GHA,Sub-Sah. Africa,Within fair shares,1474404700006.0425,1081537520372.5686,2294314324726.094,0.007692654750804817,1283755580,1148.5088929514468,842.4793139925971,1787.1893688096718,0.1133889624605079
1960,Mexico,MEX,Rest of global South,Within fair shares,1469512382635.105,1077948800940.0968,2286701412324.769,0.0076671292567082275,4477013452,328.23497145817936,240.77408131497765,510.7649188106056,0.7897575675000101
1960,Madagascar,MDG,Sub-Sah. Africa,Within fair shares,1434880690823.1482,1052545006385.9575,2232811197098.6875,0.0074864396207184845,1248334469,1149.4360898105972,843.1594516725289,1788.6321755477277,0.04826734101016901
1960,Niger,NER,Sub-Sah. Africa,Within fair shares,1335668556918.1482,979768756219.3344,2078427655046.799,0.00696880379575221,1322347713,1010.073631759023,740.9312592952882,1571.7709000543332,0.05484424983632019
1960,Cote d'Ivoire,CIV,Sub-Sah. Africa,Within fair shares,1269377683274.8796,931141627519.0676,1975272733607.8376,0.006622933490221576,1182640595,1073.3418831059826,787.3411681078542,1670.2223329377914,0.11620312317731511
1960,Cameroon,CMR,Sub-Sah. Africa,Within fair shares,1268165576347.9175,930252496386.8842,1973386579632.869,0.006616609364891441,1178764728,1075.842826158875,789.1757144491722,1674.114038838859,0.12251524763148836
1960,"Yemen, Rep.",YEM,Rest of global South,Within fair shares,1231909666495.9363,903657269960.9222,1916968926237.5444,0.006427445428309815,1220804142,1009.0968928707454,740.2147804646966,1570.251001194215,0.18705155248383404
1960,Algeria,DZA,Rest of global South,Within fair shares,1195755725682.175,877136842089.7606,1860709946390.3071,0.006238813511604614,1638548757,729.7651171952127,535.3132388295239,1135.5841188376105,0.489102865783093
1960,Peru,PER,Rest of global South,Within fair shares,1120773615164.9446,822134327596.4365,1744030631506.699,0.005847596982863637,1150792844,973.914307000109,714.4068820751518,1515.5035422749804,0.37938286241635405
1960,Burkina Faso,BFA,Sub-Sah. Africa,Within fair shares,1111691109615.1548,815471929863.2705,1729897386687.8228,0.005800209329075966,976121928,1138.8854995737324,835.4201524128351,1772.2144509469751,0.04901650971800221
1960,Mali,MLI,Sub-Sah. Africa,Within fair shares,1082830709719.4446,794301619337.2397,1684987852081.9036,0.0056496312060091095,967660907,1119.0187615168838,820.8470690417586,1741.2999118728515,0.06276151629642175
1960,Malawi,MWI,Sub-Sah. Africa,Within fair shares,1017615839736.2589,746463784329.833,1583507294954.7053,0.005309374911792728,875204524,1162.7177554857553,852.9021090044469,1809.299713988573,0.041996986792559504
1960,Sri Lanka,LKA,Rest of global South,Within fair shares,969157862421.5637,710917831019.3269,1508102060896.579,0.005056547116681417,681110857,1422.9076698179306,1043.762294658778,2214.1800345675288,0.21797652598031506
1960,Turkey,TUR,Rest of global South,Within fair shares,942955591862.1221,691697369548.4203,1467328829039.2542,0.004919837690090375,2834419690,332.6802996708374,244.03491550272864,517.6822734530376,0.7896697125007919
1960,Zambia,ZMB,Sub-Sah. Africa,Within fair shares,906772137963.7965,665155292595.227,1411023924017.8213,0.004731051789902767,870613673,1041.5321583902996,764.0074044589776,1620.7233676398066,0.11822543826269048
1960,Somalia,SOM,Sub-Sah. Africa,Within fair shares,877425912196.5118,643628608470.7716,1365358398023.329,0.004577938887410007,764632482,1147.5132600978254,841.7489756481096,1785.6400691375927,0.02959735005352497
1960,Chad,TCD,Sub-Sah. Africa,Within fair shares,864865584527.5422,634415082739.262,1345813330312.9153,0.004512405818833945,769504671,1123.9250613041986,824.446045161514,1748.9345822475395,0.028630156086550087
1960,Senegal,SEN,Sub-Sah. Africa,Within fair shares,815776095766.3489,598405889367.2383,1269425404217.8445,0.004256283134925092,759524576,1074.0614873353998,787.8690279104784,1671.3421057462194,0.11835120588529717
1960,Cambodia,KHM,Rest of global South,Within fair shares,799050444180.6783,586136924311.3704,1243398695253.0505,0.004169017635072652,606287733,1317.9393226824175,966.7636213107587,2050.839275768508,0.10773325779178305
1960,Guatemala,GTM,Rest of global South,Within fair shares,752473441333.5728,551970744452.1782,1170920436851.8909,0.0039260037581984345,702107349,1071.7356005535455,786.1628926664008,1667.722804097712,0.2123623557980875
1960,Iraq,IRQ,Rest of global South,Within fair shares,728044976907.6731,534051443976.81433,1132907416503.2893,0.0037985491028246464,1718922136,423.5473856901178,310.6897239799199,659.0801251414505,0.659203721881425
1960,Guinea,GIN,Sub-Sah. Africa,Within fair shares,696481274183.8544,510898147749.8314,1083791284887.352,0.0036338665921744973,598019032,1164.647338822244,854.3175390943602,1812.3023296812935,0.07142266458545543
1960,Rwanda,RWA,Sub-Sah. Africa,Within fair shares,683425748751.6547,501321373745.3505,1063475642231.1676,0.003565749846656898,556604580,1227.8478713769382,900.677773340188,1910.6483856657587,0.040149848362662936
1960,Burundi,BDI,Sub-Sah. Africa,Within fair shares,656610842883.621,481651518649.6511,1021749091407.6661,0.0034258440168550342,563561997,1165.108446593181,854.6557809320332,1813.0198573479506,0.027468270921255374
1960,Zimbabwe,ZWE,Sub-Sah. Africa,Within fair shares,640698984659.6047,469979505064.74335,996988722523.7216,0.0033428244552919095,597553513,1072.2035277526763,786.506136839904,1668.4509434449958,0.2554974814580321
1960,Syrian Arab Republic,SYR,Rest of global South,Within fair shares,638079376941.55,468057913227.90094,992912363086.8103,0.003329156744006497,853368369,747.7185704565879,548.4828477722742,1163.5214043031988,0.4619674577934156
1960,Benin,BEN,Sub-Sah. Africa,Within fair shares,600084392939.397,440187003169.00354,933788544461.2178,0.003130919249111291,553520371,1084.1234114930107,795.2498701606115,1686.9994193243842,0.09647673924003473
1960,Haiti,HTI,Rest of global South,Within fair shares,580146844546.3392,425561977454.3898,902763817750.8888,0.003026895790447175,411507699,1409.8079961958117,1034.1531361103155,2193.795693117491,0.06976694207211293
1960,Ecuador,ECU,Rest of global South,Within fair shares,567166577542.8448,416040408655.3513,882565284387.0405,0.0029591717031387603,641864231,883.6239038577068,648.1750946102359,1375.0030641402739,0.39485685175699703
1960,Bolivia,BOL,Rest of global South,Within fair shares,477123525681.6964,349990063701.69916,742449708435.444,0.0024893752417779213,430694881,1107.7993882209537,812.6171894336937,1723.8414970514682,0.24876481784233107
1960,Argentina,ARG,Rest of global South,Within fair shares,428684424992.06067,314457957185.2651,667073848206.1425,0.002236645934795034,1565411182,273.8478106719316,200.8788239160956,426.13330981440663,0.8349606267201326
1960,Sierra Leone,SLE,Sub-Sah. Africa,Within fair shares,412490182490.5695,302578802920.96906,641874062455.9294,0.0021521530431796785,325046779,1269.0179049292149,930.8777150533433,1974.7128841905228,0.05187180842763977
1960,Honduras,HND,Rest of global South,Within fair shares,410572302383.92584,301171957639.6818,638889658104.9655,0.002142146571066706,373397247,1099.5589969733383,806.5725177659968,1711.018662397812,0.1979620562960773
1960,Togo,TGO,Sub-Sah. Africa,Within fair shares,409328437049.2699,300259530387.0315,636954085018.8788,0.0021356567473595762,362518515,1129.124224315191,828.2598487060212,1757.0249757281467,0.088567615161302
1960,Papua New Guinea,PNG,Rest of global South,Within fair shares,405319719795.13824,297318968600.37244,630716138666.7726,0.0021147414058461486,359404114,1127.7548141675925,827.25532908166,1754.8940429401223,0.15782611141508315
1960,Tajikistan,TJK,Rest of global South,Within fair shares,395610255620.66614,290196670490.93085,615607286435.8926,0.002064082617448895,395589134,1000.0533928231358,733.5809948989419,1556.1784526566207,0.24515434863847277
1960,Tunisia,TUN,Rest of global South,Within fair shares,376967376639.35266,276521338944.5969,586597188800.6998,0.0019668140509802095,402678080,936.1507252626035,686.7057152567056,1456.7398076416273,0.4211112218209666
1960,Dominican Republic,DOM,Rest of global South,Within fair shares,376961349209.60565,276516917572.7559,586587809545.1875,0.0019667826030771484,372603167,1011.69657854681,742.1217586504195,1574.2963600338574,0.3608035424071481
1960,Lao PDR,LAO,Rest of global South,Within fair shares,347436645449.1985,254859312374.78378,540644554772.2483,0.0018127384979222541,264690019,1312.6171011729705,962.859549210217,2042.5573915284215,0.11002848523642449
1960,Uzbekistan,UZB,Rest of global South,Within fair shares,303642911448.6259,222734776635.9592,472497328132.0009,0.0015842462285245737,1203090454,252.38577069503197,185.1355198567299,392.7363288114003,0.8303504849187702
1960,Nicaragua,NIC,Rest of global South,Within fair shares,294082996372.90283,215722179045.94373,457621188561.0225,0.0015343677072988545,238061668,1235.3227583573128,906.1609156075632,1922.2800226747236,0.18169496138106722
1960,Paraguay,PRY,Rest of global South,Within fair shares,291185987863.2733,213597102125.07513,453113167037.17004,0.0015192526671239063,255325806,1140.4487169748652,836.5668377644331,1774.6469663045734,0.2328897267694324
1960,El Salvador,SLV,Rest of global South,Within fair shares,275052372159.8778,201762420153.1425,428007722366.67053,0.0014350760936987972,211224807,1302.1783571087738,955.2022937965922,2026.3137102389235,0.2753320169757531
1960,Central African Republic,CAF,Sub-Sah. Africa,Within fair shares,271581978416.50662,199216741179.1764,422607458736.3229,0.0014169694362003518,204017439,1331.1704124298249,976.4691790841291,2071.4281132424317,0.04041433413004784
1960,Liberia,LBR,Sub-Sah. Africa,Within fair shares,252128073585.7371,184946488247.84204,392335327533.19403,0.0013154693708400673,220904409,1141.3446871752437,837.2240693839752,1776.041181383546,0.07626991239764598
1960,"Congo, Rep.",COG,Sub-Sah. Africa,Within fair shares,251901789841.5607,184780499656.25916,391983208446.9524,0.0013142887433504362,246672220,1021.2004815198108,749.0932690201562,1589.0853394312192,0.16046537179039405
1960,Malaysia,MYS,Rest of global South,Within fair shares,235681717701.65366,172882398271.75644,366743229316.0348,0.0012296610865036143,1151750817,204.6290866244323,150.1039944751838,318.42237392225337,0.8605097939145784
1960,Mauritania,MRT,Sub-Sah. Africa,Within fair shares,215978394797.80255,158429186750.9007,336082979804.60547,0.0011268596911049626,208877976,1033.9931424737788,758.4772209344881,1608.9919398903285,0.1485611525468471
1960,Chile,CHL,Rest of global South,Within fair shares,213974346602.56577,156959133572.30286,332964489690.0837,0.0011164036400154165,613737388,348.64153754727056,255.74315112818718,542.5194817853979,0.7951166804068825
1960,Eritrea,ERI,Sub-Sah. Africa,Within fair shares,190619028590.43103,139827030880.10886,296621387505.48376,9.945480883735442e-4,145842097,1307.0233664456364,958.7563108072209,2033.8530068275402,0.07990003865849557
1960,Kyrgyz Republic,KGZ,Rest of global South,Within fair shares,176253087309.84512,129289012037.41315,274266612817.03687,9.195942941802476e-4,243858404,722.768149133975,530.1806700802206,1124.696169245153,0.5216396637251974
1960,Cuba,CUB,Rest of global South,Within fair shares,172407256492.0279,126467934265.1723,268282133294.04364,8.995288069287812e-4,337779070,510.41426720734324,374.4102151301805,794.2532771318355,0.7537502249005043
1960,Jordan,JOR,Rest of global South,Within fair shares,168614897767.32495,123686080509.91658,262380861447.48056,8.797423084455475e-4,352242654,478.6896074412526,351.1388501800142,744.8866810079184,0.6236164757595664
1960,Costa Rica,CRI,Rest of global South,Within fair shares,160441930746.4787,117690867332.84477,249662945320.81287,8.371001399955783e-4,171737460,934.2279241027479,685.2952601770445,1453.747745662553,0.4002427030310296
1960,"Gambia, The",GMB,Sub-Sah. Africa,Within fair shares,118819155884.82619,87158820931.53255,184893938141.47656,6.199347736752876e-4,111782484,1062.949682571253,779.7180543199644,1654.0510778189234,0.08750557612103553
1960,Panama,PAN,Rest of global South,Within fair shares,96121146515.03587,70508881623.08098,149573670890.7932,5.015087067944549e-4,159885373,601.1878679798675,440.99644826847907,935.5056568607637,0.5838786520178534
1960,Lesotho,LSO,Sub-Sah. Africa,Within fair shares,95370968003.15245,69958594305.37515,148406321583.02936,4.975946767500797e-4,74776324,1275.4166412774243,935.5714558176884,1984.669928185148,0.2431465682448156
1960,Uruguay,URY,Rest of global South,Within fair shares,95087894532.79779,69750948074.18138,147965832266.91284,4.961177508581982e-4,111157800,855.4315984375166,627.4948593277429,1331.1331482533196,0.5663094535204407
1960,Albania,ALB,Rest of global South,Within fair shares,93070412350.39864,68271040504.069275,144826437587.1895,4.855916084123465e-4,83525636,1114.2736147546202,817.3663054067529,1733.916010974038,0.4918823394199219
1960,Namibia,NAM,Sub-Sah. Africa,Within fair shares,71687435648.39064,52585732663.976685,111552486580.04729,3.7402667830029756e-4,100946241,710.1545826594042,520.928091457875,1105.0682568759275,0.4837360959800367
1960,Armenia,ARM,Rest of global South,Within fair shares,53849589420.00025,39500926315.65085,83795096683.03348,2.809583419524884e-4,90642137,594.0900248192544,435.7898834142762,924.4607359933877,0.7262448303583241
1960,Jamaica,JAM,Rest of global South,Within fair shares,44206054016.37599,32426989717.362663,68788835907.10968,2.3064353460214518e-4,93704632,471.7595392336207,346.0553552716867,734.1028339677987,0.7468257492478225
1960,Lebanon,LBN,Rest of global South,Within fair shares,43800712680.23626,32129654892.26934,68158086131.34921,2.2852868041378015e-4,198348732,220.8267844144134,161.98568333811855,343.62753643088183,0.8560269814618596
1960,Gabon,GAB,Sub-Sah. Africa,Within fair shares,39244281324.45617,28787321901.70167,61067844402.497856,2.047556598071488e-4,93282270,420.7046132609784,308.6044314927335,654.6565001312453,0.6624961187584483
1960,Djibouti,DJI,Rest of global South,Within fair shares,39110234667.37198,28688993071.6888,60859255020.26878,2.0405627608065634e-4,35957276,1087.6862492968594,797.8633607197831,1692.5435347290709,0.2119936394973308
1960,Mongolia,MNG,Rest of global South,Within fair shares,38163655577.21618,27994637714.574554,59386287682.31758,1.9911753291545234e-4,120699095,316.18841530846754,231.9374284834079,492.0193285816897,0.7881818340703579
1960,Fiji,FJI,Rest of global South,Within fair shares,31490745471.095577,23099779030.3794,49002603172.8886,1.64301858745849e-4,30770697,1023.4004602201757,750.7070454198486,1592.5087160972857,0.41499347758655913
1960,Bhutan,BTN,Rest of global South,Within fair shares,30730424199.309082,22542051574.02287,47819470763.417465,1.6033490920782707e-4,26559348,1157.0473868300187,848.7426564094446,1800.4760795866475,0.26252797658638316
1960,Botswana,BWA,Sub-Sah. Africa,Within fair shares,30477865396.126106,22356789127.598446,47426465179.553,1.590171925204378e-4,91779519,332.07697891864206,243.59235449467158,516.7434488249279,0.7571889479652723
1960,Eswatini,SWZ,Sub-Sah. Africa,Within fair shares,29740725459.78741,21816066150.445652,46279405138.80393,1.5517119078613747e-4,43783776,679.2636034815135,498.26826609120354,1056.9989472539767,0.5541691797788537
1960,Cabo Verde,CPV,Sub-Sah. Africa,Within fair shares,22116817484.003685,16223610749.53436,34415877249.098724,1.1539371862440937e-4,19452783,1136.9487586431044,833.9994719282254,1769.2006973551663,0.27508163150567866
1960,Mauritius,MUS,Sub-Sah. Africa,Within fair shares,20159764416.80635,14788030463.114046,31370516035.65334,1.0518286296524672e-4,38775251,519.913189389963,381.37807188183115,809.0345059443546,0.7309679213687155
1960,Georgia,GEO,Rest of global South,Within fair shares,14689481157.737099,10775348875.945282,22858233592.75249,7.66418521417227e-5,116783435,125.78394493822775,92.26778503257145,195.731814128883,0.9496085101981957
1960,Vanuatu,VUT,Rest of global South,Within fair shares,13602772867.230118,9978202888.904942,21167211855.16677,7.097198979410998e-5,13245582,1026.9667929450075,753.3230996497505,1598.058269932327,0.18967070718248932
1960,Belize,BLZ,Rest of global South,Within fair shares,12955502050.017084,9503402669.768879,20159996734.4452,6.759487703323044e-5,15294969,847.0433676601165,621.3417411809647,1318.0802611921085,0.3702519320605697
1960,Maldives,MDV,Rest of global South,Within fair shares,11003269942.18253,8071358758.697213,17122137393.535154,5.740917456026244e-5,16933790,649.7818823891479,476.64219047816306,1011.1225776116955,0.5253432787719227
1960,Sao Tome and Principe,STP,Sub-Sah. Africa,Within fair shares,10262011470.509838,7527614663.602592,15968668519.028543,5.354168451247307e-5,9315162,1101.6460551635964,808.1034622481706,1714.266323981112,0.171287172163038
1960,Samoa,WSM,Rest of global South,Within fair shares,8136845222.698046,5968716327.19033,12661707163.873465,4.245370423649292e-5,7203998,1129.4902112268835,828.5283154146252,1757.5944862663016,0.3522776811267821
1960,Suriname,SUR,Rest of global South,Within fair shares,548983434.2004733,402702312.430477,854270579.2502624,2.8643017912233373e-6,19964713,27.497687254531197,20.170703802778284,42.789023776613384,0.9837164441954829
